county,precinct,office,district,party,candidate,votes
DURHAM,24,CITY OF DURHAM MAYOR,,,Jahnmaud Lane,15
DURHAM,24,CITY OF DURHAM MAYOR,,,Javiera Caballero,51
DURHAM,24,CITY OF DURHAM MAYOR,,,Rebecca Harvard Barnes,10
DURHAM,24,CITY OF DURHAM MAYOR,,,Sabrina (Bree) Davis,3
DURHAM,24,CITY OF DURHAM CITY COUNCIL WARD I,,,DeDreana Freeman,122
DURHAM,24,CITY OF DURHAM CITY COUNCIL WARD I,,,Elizabeth Takla,6
DURHAM,24,CITY OF DURHAM CITY COUNCIL WARD I,,,Marion T. Johnson,55
DURHAM,24,CITY OF DURHAM CITY COUNCIL WARD I,,,Waldo Fenner,4
DURHAM,24,CITY OF DURHAM CITY COUNCIL WARD II,,,Mark-Anthony Middleton,148
DURHAM,24,CITY OF DURHAM CITY COUNCIL WARD II,,,"Robert L. Curtis, Jr.",19
DURHAM,24,CITY OF DURHAM CITY COUNCIL WARD II,,,Sylvester Williams,22
DURHAM,25,CITY OF DURHAM MAYOR,,,Charlitta Burruss,0
DURHAM,25,CITY OF DURHAM MAYOR,,,Daryl Quick,0
DURHAM,25,CITY OF DURHAM MAYOR,,,Elaine O'Neal,14
DURHAM,25,CITY OF DURHAM MAYOR,,,Jahnmaud Lane,1
DURHAM,25,CITY OF DURHAM MAYOR,,,Javiera Caballero,1
DURHAM,25,CITY OF DURHAM MAYOR,,,Rebecca Harvard Barnes,0
DURHAM,25,CITY OF DURHAM MAYOR,,,Sabrina (Bree) Davis,0
DURHAM,25,CITY OF DURHAM CITY COUNCIL WARD I,,,DeDreana Freeman,14
DURHAM,25,CITY OF DURHAM CITY COUNCIL WARD I,,,Elizabeth Takla,0
DURHAM,25,CITY OF DURHAM CITY COUNCIL WARD I,,,Marion T. Johnson,0
DURHAM,25,CITY OF DURHAM CITY COUNCIL WARD I,,,Waldo Fenner,1
DURHAM,25,CITY OF DURHAM CITY COUNCIL WARD II,,,Mark-Anthony Middleton,11
DURHAM,25,CITY OF DURHAM CITY COUNCIL WARD II,,,"Robert L. Curtis, Jr.",2
DURHAM,25,CITY OF DURHAM CITY COUNCIL WARD II,,,Sylvester Williams,2
DURHAM,27,CITY OF DURHAM MAYOR,,,Charlitta Burruss,2
DURHAM,27,CITY OF DURHAM MAYOR,,,Daryl Quick,0
DURHAM,27,CITY OF DURHAM MAYOR,,,Elaine O'Neal,42
DURHAM,27,CITY OF DURHAM MAYOR,,,Jahnmaud Lane,6
DURHAM,27,CITY OF DURHAM MAYOR,,,Javiera Caballero,13
DURHAM,27,CITY OF DURHAM MAYOR,,,Rebecca Harvard Barnes,6
DURHAM,27,CITY OF DURHAM MAYOR,,,Sabrina (Bree) Davis,0
DURHAM,27,CITY OF DURHAM CITY COUNCIL WARD I,,,DeDreana Freeman,39
DURHAM,27,CITY OF DURHAM CITY COUNCIL WARD I,,,Elizabeth Takla,3
DURHAM,27,CITY OF DURHAM CITY COUNCIL WARD I,,,Marion T. Johnson,19
DURHAM,27,CITY OF DURHAM CITY COUNCIL WARD I,,,Waldo Fenner,3
DURHAM,27,CITY OF DURHAM CITY COUNCIL WARD II,,,Mark-Anthony Middleton,50
DURHAM,27,CITY OF DURHAM CITY COUNCIL WARD II,,,"Robert L. Curtis, Jr.",4
DURHAM,27,CITY OF DURHAM CITY COUNCIL WARD II,,,Sylvester Williams,8
DURHAM,28,CITY OF DURHAM MAYOR,,,Charlitta Burruss,0
DURHAM,28,CITY OF DURHAM MAYOR,,,Daryl Quick,0
DURHAM,28,CITY OF DURHAM MAYOR,,,Elaine O'Neal,43
DURHAM,28,CITY OF DURHAM MAYOR,,,Jahnmaud Lane,2
DURHAM,28,CITY OF DURHAM MAYOR,,,Javiera Caballero,11
DURHAM,28,CITY OF DURHAM MAYOR,,,Rebecca Harvard Barnes,1
DURHAM,28,CITY OF DURHAM MAYOR,,,Sabrina (Bree) Davis,0
DURHAM,28,CITY OF DURHAM CITY COUNCIL WARD I,,,DeDreana Freeman,41
DURHAM,28,CITY OF DURHAM CITY COUNCIL WARD I,,,Elizabeth Takla,2
DURHAM,28,CITY OF DURHAM CITY COUNCIL WARD I,,,Marion T. Johnson,9
DURHAM,28,CITY OF DURHAM CITY COUNCIL WARD I,,,Waldo Fenner,1
DURHAM,28,CITY OF DURHAM CITY COUNCIL WARD II,,,Mark-Anthony Middleton,38
DURHAM,28,CITY OF DURHAM CITY COUNCIL WARD II,,,"Robert L. Curtis, Jr.",5
DURHAM,28,CITY OF DURHAM CITY COUNCIL WARD II,,,Sylvester Williams,8
DURHAM,29,CITY OF DURHAM MAYOR,,,Charlitta Burruss,0
DURHAM,29,CITY OF DURHAM MAYOR,,,Daryl Quick,1
DURHAM,29,CITY OF DURHAM MAYOR,,,Elaine O'Neal,90
DURHAM,29,CITY OF DURHAM MAYOR,,,Jahnmaud Lane,0
DURHAM,29,CITY OF DURHAM MAYOR,,,Javiera Caballero,5
DURHAM,29,CITY OF DURHAM MAYOR,,,Rebecca Harvard Barnes,4
DURHAM,29,CITY OF DURHAM MAYOR,,,Sabrina (Bree) Davis,5
DURHAM,29,CITY OF DURHAM CITY COUNCIL WARD I,,,DeDreana Freeman,80
DURHAM,29,CITY OF DURHAM CITY COUNCIL WARD I,,,Elizabeth Takla,6
DURHAM,29,CITY OF DURHAM CITY COUNCIL WARD I,,,Marion T. Johnson,17
DURHAM,29,CITY OF DURHAM CITY COUNCIL WARD I,,,Waldo Fenner,0
DURHAM,29,CITY OF DURHAM CITY COUNCIL WARD II,,,Mark-Anthony Middleton,69
DURHAM,29,CITY OF DURHAM CITY COUNCIL WARD II,,,"Robert L. Curtis, Jr.",16
DURHAM,29,CITY OF DURHAM CITY COUNCIL WARD II,,,Sylvester Williams,18
DURHAM,30-1,CITY OF DURHAM MAYOR,,,Charlitta Burruss,4
DURHAM,30-1,CITY OF DURHAM MAYOR,,,Daryl Quick,6
DURHAM,30-1,CITY OF DURHAM MAYOR,,,Elaine O'Neal,268
DURHAM,30-1,CITY OF DURHAM MAYOR,,,Jahnmaud Lane,21
DURHAM,30-1,CITY OF DURHAM MAYOR,,,Javiera Caballero,36
DURHAM,30-1,CITY OF DURHAM MAYOR,,,Rebecca Harvard Barnes,12
DURHAM,30-1,CITY OF DURHAM MAYOR,,,Sabrina (Bree) Davis,4
DURHAM,30-1,CITY OF DURHAM CITY COUNCIL WARD I,,,DeDreana Freeman,255
DURHAM,30-1,CITY OF DURHAM CITY COUNCIL WARD I,,,Elizabeth Takla,10
DURHAM,30-1,CITY OF DURHAM CITY COUNCIL WARD I,,,Marion T. Johnson,68
DURHAM,30-1,CITY OF DURHAM CITY COUNCIL WARD I,,,Waldo Fenner,7
DURHAM,30-1,CITY OF DURHAM CITY COUNCIL WARD II,,,Mark-Anthony Middleton,280
DURHAM,30-1,CITY OF DURHAM CITY COUNCIL WARD II,,,"Robert L. Curtis, Jr.",19
DURHAM,30-1,CITY OF DURHAM CITY COUNCIL WARD II,,,Sylvester Williams,42
DURHAM,30-2,CITY OF DURHAM MAYOR,,,Charlitta Burruss,0
DURHAM,30-2,CITY OF DURHAM MAYOR,,,Daryl Quick,4
DURHAM,30-2,CITY OF DURHAM MAYOR,,,Elaine O'Neal,245
DURHAM,30-2,CITY OF DURHAM MAYOR,,,Jahnmaud Lane,7
DURHAM,30-2,CITY OF DURHAM MAYOR,,,Javiera Caballero,22
DURHAM,30-2,CITY OF DURHAM MAYOR,,,Rebecca Harvard Barnes,3
DURHAM,30-2,CITY OF DURHAM MAYOR,,,Sabrina (Bree) Davis,1
DURHAM,30-2,CITY OF DURHAM CITY COUNCIL WARD I,,,DeDreana Freeman,242
DURHAM,30-2,CITY OF DURHAM CITY COUNCIL WARD I,,,Elizabeth Takla,4
DURHAM,30-2,CITY OF DURHAM CITY COUNCIL WARD I,,,Marion T. Johnson,29
DURHAM,30-2,CITY OF DURHAM CITY COUNCIL WARD I,,,Waldo Fenner,2
DURHAM,30-2,CITY OF DURHAM CITY COUNCIL WARD II,,,Mark-Anthony Middleton,238
DURHAM,30-2,CITY OF DURHAM CITY COUNCIL WARD II,,,"Robert L. Curtis, Jr.",15
DURHAM,30-2,CITY OF DURHAM CITY COUNCIL WARD II,,,Sylvester Williams,24
DURHAM,31,CITY OF DURHAM MAYOR,,,Charlitta Burruss,2
DURHAM,31,CITY OF DURHAM MAYOR,,,Daryl Quick,5
DURHAM,31,CITY OF DURHAM MAYOR,,,Elaine O'Neal,143
DURHAM,31,CITY OF DURHAM MAYOR,,,Jahnmaud Lane,18
DURHAM,31,CITY OF DURHAM MAYOR,,,Javiera Caballero,27
DURHAM,31,CITY OF DURHAM MAYOR,,,Rebecca Harvard Barnes,6
DURHAM,31,CITY OF DURHAM MAYOR,,,Sabrina (Bree) Davis,5
DURHAM,31,CITY OF DURHAM CITY COUNCIL WARD I,,,DeDreana Freeman,147
DURHAM,31,CITY OF DURHAM CITY COUNCIL WARD I,,,Elizabeth Takla,9
DURHAM,31,CITY OF DURHAM CITY COUNCIL WARD I,,,Marion T. Johnson,33
DURHAM,31,CITY OF DURHAM CITY COUNCIL WARD I,,,Waldo Fenner,5
DURHAM,31,CITY OF DURHAM CITY COUNCIL WARD II,,,Mark-Anthony Middleton,148
DURHAM,31,CITY OF DURHAM CITY COUNCIL WARD II,,,"Robert L. Curtis, Jr.",17
DURHAM,31,CITY OF DURHAM CITY COUNCIL WARD II,,,Sylvester Williams,30
DURHAM,32,CITY OF DURHAM MAYOR,,,Charlitta Burruss,1
DURHAM,32,CITY OF DURHAM MAYOR,,,Daryl Quick,0
DURHAM,32,CITY OF DURHAM MAYOR,,,Elaine O'Neal,112
DURHAM,32,CITY OF DURHAM MAYOR,,,Jahnmaud Lane,15
DURHAM,32,CITY OF DURHAM MAYOR,,,Javiera Caballero,28
DURHAM,32,CITY OF DURHAM MAYOR,,,Rebecca Harvard Barnes,5
DURHAM,32,CITY OF DURHAM MAYOR,,,Sabrina (Bree) Davis,4
DURHAM,32,CITY OF DURHAM CITY COUNCIL WARD I,,,DeDreana Freeman,112
DURHAM,32,CITY OF DURHAM CITY COUNCIL WARD I,,,Elizabeth Takla,7
DURHAM,32,CITY OF DURHAM CITY COUNCIL WARD I,,,Marion T. Johnson,34
DURHAM,32,CITY OF DURHAM CITY COUNCIL WARD I,,,Waldo Fenner,5
DURHAM,32,CITY OF DURHAM CITY COUNCIL WARD II,,,Mark-Anthony Middleton,134
DURHAM,32,CITY OF DURHAM CITY COUNCIL WARD II,,,"Robert L. Curtis, Jr.",14
DURHAM,32,CITY OF DURHAM CITY COUNCIL WARD II,,,Sylvester Williams,13
DURHAM,33,CITY OF DURHAM MAYOR,,,Charlitta Burruss,2
DURHAM,33,CITY OF DURHAM MAYOR,,,Daryl Quick,1
DURHAM,33,CITY OF DURHAM MAYOR,,,Elaine O'Neal,121
DURHAM,33,CITY OF DURHAM MAYOR,,,Jahnmaud Lane,22
DURHAM,33,CITY OF DURHAM MAYOR,,,Javiera Caballero,24
DURHAM,33,CITY OF DURHAM MAYOR,,,Rebecca Harvard Barnes,5
DURHAM,33,CITY OF DURHAM MAYOR,,,Sabrina (Bree) Davis,9
DURHAM,33,CITY OF DURHAM CITY COUNCIL WARD I,,,DeDreana Freeman,131
DURHAM,33,CITY OF DURHAM CITY COUNCIL WARD I,,,Elizabeth Takla,5
DURHAM,33,CITY OF DURHAM CITY COUNCIL WARD I,,,Marion T. Johnson,24
DURHAM,33,CITY OF DURHAM CITY COUNCIL WARD I,,,Waldo Fenner,9
DURHAM,33,CITY OF DURHAM CITY COUNCIL WARD II,,,Mark-Anthony Middleton,139
DURHAM,33,CITY OF DURHAM CITY COUNCIL WARD II,,,"Robert L. Curtis, Jr.",13
DURHAM,33,CITY OF DURHAM CITY COUNCIL WARD II,,,Sylvester Williams,23
DURHAM,34-1,CITY OF DURHAM MAYOR,,,Charlitta Burruss,1
DURHAM,34-1,CITY OF DURHAM MAYOR,,,Daryl Quick,1
DURHAM,34-1,CITY OF DURHAM MAYOR,,,Elaine O'Neal,168
DURHAM,34-1,CITY OF DURHAM MAYOR,,,Jahnmaud Lane,6
DURHAM,34-1,CITY OF DURHAM MAYOR,,,Javiera Caballero,27
DURHAM,34-1,CITY OF DURHAM MAYOR,,,Rebecca Harvard Barnes,4
DURHAM,34-1,CITY OF DURHAM MAYOR,,,Sabrina (Bree) Davis,1
DURHAM,34-1,CITY OF DURHAM CITY COUNCIL WARD I,,,DeDreana Freeman,154
DURHAM,34-1,CITY OF DURHAM CITY COUNCIL WARD I,,,Elizabeth Takla,9
DURHAM,34-1,CITY OF DURHAM CITY COUNCIL WARD I,,,Marion T. Johnson,37
DURHAM,34-1,CITY OF DURHAM CITY COUNCIL WARD I,,,Waldo Fenner,4
DURHAM,34-1,CITY OF DURHAM CITY COUNCIL WARD II,,,Mark-Anthony Middleton,175
DURHAM,34-1,CITY OF DURHAM CITY COUNCIL WARD II,,,"Robert L. Curtis, Jr.",6
DURHAM,34-1,CITY OF DURHAM CITY COUNCIL WARD II,,,Sylvester Williams,22
DURHAM,34-2,CITY OF DURHAM MAYOR,,,Charlitta Burruss,2
DURHAM,34-2,CITY OF DURHAM MAYOR,,,Daryl Quick,11
DURHAM,34-2,CITY OF DURHAM MAYOR,,,Elaine O'Neal,194
DURHAM,34-2,CITY OF DURHAM MAYOR,,,Jahnmaud Lane,8
DURHAM,34-2,CITY OF DURHAM MAYOR,,,Javiera Caballero,26
DURHAM,34-2,CITY OF DURHAM MAYOR,,,Rebecca Harvard Barnes,2
DURHAM,34-2,CITY OF DURHAM MAYOR,,,Sabrina (Bree) Davis,6
DURHAM,34-2,CITY OF DURHAM CITY COUNCIL WARD I,,,DeDreana Freeman,202
DURHAM,34-2,CITY OF DURHAM CITY COUNCIL WARD I,,,Elizabeth Takla,3
DURHAM,34-2,CITY OF DURHAM CITY COUNCIL WARD I,,,Marion T. Johnson,37
DURHAM,34-2,CITY OF DURHAM CITY COUNCIL WARD I,,,Waldo Fenner,5
DURHAM,34-2,CITY OF DURHAM CITY COUNCIL WARD II,,,Mark-Anthony Middleton,217
DURHAM,34-2,CITY OF DURHAM CITY COUNCIL WARD II,,,"Robert L. Curtis, Jr.",4
DURHAM,34-2,CITY OF DURHAM CITY COUNCIL WARD II,,,Sylvester Williams,23
DURHAM,35.3,CITY OF DURHAM MAYOR,,,Charlitta Burruss,0
DURHAM,35.3,CITY OF DURHAM MAYOR,,,Daryl Quick,6
DURHAM,35.3,CITY OF DURHAM MAYOR,,,Elaine O'Neal,332
DURHAM,35.3,CITY OF DURHAM MAYOR,,,Jahnmaud Lane,25
DURHAM,35.3,CITY OF DURHAM MAYOR,,,Javiera Caballero,73
DURHAM,35.3,CITY OF DURHAM MAYOR,,,Rebecca Harvard Barnes,8
DURHAM,35.3,CITY OF DURHAM MAYOR,,,Sabrina (Bree) Davis,6
DURHAM,35.3,CITY OF DURHAM CITY COUNCIL WARD I,,,DeDreana Freeman,337
DURHAM,35.3,CITY OF DURHAM CITY COUNCIL WARD I,,,Elizabeth Takla,17
DURHAM,35.3,CITY OF DURHAM CITY COUNCIL WARD I,,,Marion T. Johnson,55
DURHAM,35.3,CITY OF DURHAM CITY COUNCIL WARD I,,,Waldo Fenner,14
DURHAM,35.3,CITY OF DURHAM CITY COUNCIL WARD II,,,Mark-Anthony Middleton,365
DURHAM,35.3,CITY OF DURHAM CITY COUNCIL WARD II,,,"Robert L. Curtis, Jr.",25
DURHAM,35.3,CITY OF DURHAM CITY COUNCIL WARD II,,,Sylvester Williams,47
DURHAM,36,CITY OF DURHAM MAYOR,,,Charlitta Burruss,1
DURHAM,36,CITY OF DURHAM MAYOR,,,Daryl Quick,3
DURHAM,36,CITY OF DURHAM MAYOR,,,Elaine O'Neal,96
DURHAM,36,CITY OF DURHAM MAYOR,,,Jahnmaud Lane,7
DURHAM,36,CITY OF DURHAM MAYOR,,,Javiera Caballero,57
DURHAM,36,CITY OF DURHAM MAYOR,,,Rebecca Harvard Barnes,9
DURHAM,36,CITY OF DURHAM MAYOR,,,Sabrina (Bree) Davis,1
DURHAM,36,CITY OF DURHAM CITY COUNCIL WARD I,,,DeDreana Freeman,107
DURHAM,36,CITY OF DURHAM CITY COUNCIL WARD I,,,Elizabeth Takla,6
DURHAM,36,CITY OF DURHAM CITY COUNCIL WARD I,,,Marion T. Johnson,57
DURHAM,36,CITY OF DURHAM CITY COUNCIL WARD I,,,Waldo Fenner,0
DURHAM,36,CITY OF DURHAM CITY COUNCIL WARD II,,,Mark-Anthony Middleton,134
DURHAM,36,CITY OF DURHAM CITY COUNCIL WARD II,,,"Robert L. Curtis, Jr.",10
DURHAM,36,CITY OF DURHAM CITY COUNCIL WARD II,,,Sylvester Williams,23
DURHAM,37,CITY OF DURHAM MAYOR,,,Charlitta Burruss,3
DURHAM,37,CITY OF DURHAM MAYOR,,,Daryl Quick,1
DURHAM,37,CITY OF DURHAM MAYOR,,,Elaine O'Neal,218
DURHAM,37,CITY OF DURHAM MAYOR,,,Jahnmaud Lane,46
DURHAM,37,CITY OF DURHAM MAYOR,,,Javiera Caballero,148
DURHAM,37,CITY OF DURHAM MAYOR,,,Rebecca Harvard Barnes,11
DURHAM,37,CITY OF DURHAM MAYOR,,,Sabrina (Bree) Davis,5
DURHAM,37,CITY OF DURHAM CITY COUNCIL WARD I,,,DeDreana Freeman,227
DURHAM,37,CITY OF DURHAM CITY COUNCIL WARD I,,,Elizabeth Takla,15
DURHAM,37,CITY OF DURHAM CITY COUNCIL WARD I,,,Marion T. Johnson,145
DURHAM,37,CITY OF DURHAM CITY COUNCIL WARD I,,,Waldo Fenner,15
DURHAM,37,CITY OF DURHAM CITY COUNCIL WARD II,,,Mark-Anthony Middleton,325
DURHAM,37,CITY OF DURHAM CITY COUNCIL WARD II,,,"Robert L. Curtis, Jr.",32
DURHAM,37,CITY OF DURHAM CITY COUNCIL WARD II,,,Sylvester Williams,30
DURHAM,38,CITY OF DURHAM MAYOR,,,Charlitta Burruss,1
DURHAM,38,CITY OF DURHAM MAYOR,,,Daryl Quick,3
DURHAM,38,CITY OF DURHAM MAYOR,,,Elaine O'Neal,198
DURHAM,38,CITY OF DURHAM MAYOR,,,Jahnmaud Lane,19
DURHAM,38,CITY OF DURHAM MAYOR,,,Javiera Caballero,72
DURHAM,38,CITY OF DURHAM MAYOR,,,Rebecca Harvard Barnes,10
DURHAM,38,CITY OF DURHAM MAYOR,,,Sabrina (Bree) Davis,3
DURHAM,38,CITY OF DURHAM CITY COUNCIL WARD I,,,DeDreana Freeman,183
DURHAM,38,CITY OF DURHAM CITY COUNCIL WARD I,,,Elizabeth Takla,9
DURHAM,38,CITY OF DURHAM CITY COUNCIL WARD I,,,Marion T. Johnson,78
DURHAM,38,CITY OF DURHAM CITY COUNCIL WARD I,,,Waldo Fenner,4
DURHAM,38,CITY OF DURHAM CITY COUNCIL WARD II,,,Mark-Anthony Middleton,228
DURHAM,38,CITY OF DURHAM CITY COUNCIL WARD II,,,"Robert L. Curtis, Jr.",23
DURHAM,38,CITY OF DURHAM CITY COUNCIL WARD II,,,Sylvester Williams,19
DURHAM,39,CITY OF DURHAM MAYOR,,,Charlitta Burruss,2
DURHAM,39,CITY OF DURHAM MAYOR,,,Daryl Quick,1
DURHAM,39,CITY OF DURHAM MAYOR,,,Elaine O'Neal,232
DURHAM,39,CITY OF DURHAM MAYOR,,,Jahnmaud Lane,16
DURHAM,39,CITY OF DURHAM MAYOR,,,Javiera Caballero,91
DURHAM,39,CITY OF DURHAM MAYOR,,,Rebecca Harvard Barnes,9
DURHAM,39,CITY OF DURHAM MAYOR,,,Sabrina (Bree) Davis,5
DURHAM,39,CITY OF DURHAM CITY COUNCIL WARD I,,,DeDreana Freeman,225
DURHAM,39,CITY OF DURHAM CITY COUNCIL WARD I,,,Elizabeth Takla,8
DURHAM,39,CITY OF DURHAM CITY COUNCIL WARD I,,,Marion T. Johnson,85
DURHAM,39,CITY OF DURHAM CITY COUNCIL WARD I,,,Waldo Fenner,13
DURHAM,39,CITY OF DURHAM CITY COUNCIL WARD II,,,Mark-Anthony Middleton,281
DURHAM,39,CITY OF DURHAM CITY COUNCIL WARD II,,,"Robert L. Curtis, Jr.",20
DURHAM,39,CITY OF DURHAM CITY COUNCIL WARD II,,,Sylvester Williams,31
DURHAM,40,CITY OF DURHAM MAYOR,,,Charlitta Burruss,1
DURHAM,40,CITY OF DURHAM MAYOR,,,Daryl Quick,2
DURHAM,40,CITY OF DURHAM MAYOR,,,Elaine O'Neal,115
DURHAM,40,CITY OF DURHAM MAYOR,,,Jahnmaud Lane,2
DURHAM,40,CITY OF DURHAM MAYOR,,,Javiera Caballero,94
DURHAM,40,CITY OF DURHAM MAYOR,,,Rebecca Harvard Barnes,1
DURHAM,40,CITY OF DURHAM MAYOR,,,Sabrina (Bree) Davis,0
DURHAM,40,CITY OF DURHAM CITY COUNCIL WARD I,,,DeDreana Freeman,118
DURHAM,40,CITY OF DURHAM CITY COUNCIL WARD I,,,Elizabeth Takla,4
DURHAM,40,CITY OF DURHAM CITY COUNCIL WARD I,,,Marion T. Johnson,87
DURHAM,40,CITY OF DURHAM CITY COUNCIL WARD I,,,Waldo Fenner,0
DURHAM,40,CITY OF DURHAM CITY COUNCIL WARD II,,,Mark-Anthony Middleton,177
DURHAM,40,CITY OF DURHAM CITY COUNCIL WARD II,,,"Robert L. Curtis, Jr.",4
DURHAM,40,CITY OF DURHAM CITY COUNCIL WARD II,,,Sylvester Williams,17
DURHAM,41,CITY OF DURHAM MAYOR,,,Charlitta Burruss,0
DURHAM,41,CITY OF DURHAM MAYOR,,,Daryl Quick,0
DURHAM,41,CITY OF DURHAM MAYOR,,,Elaine O'Neal,116
DURHAM,41,CITY OF DURHAM MAYOR,,,Jahnmaud Lane,3
DURHAM,41,CITY OF DURHAM MAYOR,,,Javiera Caballero,3
DURHAM,41,CITY OF DURHAM MAYOR,,,Rebecca Harvard Barnes,0
DURHAM,41,CITY OF DURHAM MAYOR,,,Sabrina (Bree) Davis,0
DURHAM,41,CITY OF DURHAM CITY COUNCIL WARD I,,,DeDreana Freeman,104
DURHAM,41,CITY OF DURHAM CITY COUNCIL WARD I,,,Elizabeth Takla,1
DURHAM,41,CITY OF DURHAM CITY COUNCIL WARD I,,,Marion T. Johnson,15
DURHAM,41,CITY OF DURHAM CITY COUNCIL WARD I,,,Waldo Fenner,0
DURHAM,41,CITY OF DURHAM CITY COUNCIL WARD II,,,Mark-Anthony Middleton,110
DURHAM,41,CITY OF DURHAM CITY COUNCIL WARD II,,,"Robert L. Curtis, Jr.",4
DURHAM,41,CITY OF DURHAM CITY COUNCIL WARD II,,,Sylvester Williams,6
DURHAM,42,CITY OF DURHAM MAYOR,,,Charlitta Burruss,0
DURHAM,42,CITY OF DURHAM MAYOR,,,Daryl Quick,0
DURHAM,42,CITY OF DURHAM MAYOR,,,Elaine O'Neal,75
DURHAM,42,CITY OF DURHAM MAYOR,,,Jahnmaud Lane,0
DURHAM,42,CITY OF DURHAM MAYOR,,,Javiera Caballero,5
DURHAM,42,CITY OF DURHAM MAYOR,,,Rebecca Harvard Barnes,0
DURHAM,42,CITY OF DURHAM MAYOR,,,Sabrina (Bree) Davis,1
DURHAM,42,CITY OF DURHAM CITY COUNCIL WARD I,,,DeDreana Freeman,71
DURHAM,42,CITY OF DURHAM CITY COUNCIL WARD I,,,Elizabeth Takla,1
DURHAM,42,CITY OF DURHAM CITY COUNCIL WARD I,,,Marion T. Johnson,7
DURHAM,42,CITY OF DURHAM CITY COUNCIL WARD I,,,Waldo Fenner,0
DURHAM,42,CITY OF DURHAM CITY COUNCIL WARD II,,,Mark-Anthony Middleton,63
DURHAM,42,CITY OF DURHAM CITY COUNCIL WARD II,,,"Robert L. Curtis, Jr.",3
DURHAM,42,CITY OF DURHAM CITY COUNCIL WARD II,,,Sylvester Williams,11
DURHAM,43,CITY OF DURHAM MAYOR,,,Charlitta Burruss,3
DURHAM,43,CITY OF DURHAM MAYOR,,,Daryl Quick,2
DURHAM,43,CITY OF DURHAM MAYOR,,,Elaine O'Neal,264
DURHAM,43,CITY OF DURHAM MAYOR,,,Jahnmaud Lane,39
DURHAM,43,CITY OF DURHAM MAYOR,,,Javiera Caballero,114
DURHAM,43,CITY OF DURHAM MAYOR,,,Rebecca Harvard Barnes,14
DURHAM,43,CITY OF DURHAM MAYOR,,,Sabrina (Bree) Davis,1
DURHAM,43,CITY OF DURHAM CITY COUNCIL WARD I,,,DeDreana Freeman,259
DURHAM,43,CITY OF DURHAM CITY COUNCIL WARD I,,,Elizabeth Takla,14
DURHAM,43,CITY OF DURHAM CITY COUNCIL WARD I,,,Marion T. Johnson,112
DURHAM,43,CITY OF DURHAM CITY COUNCIL WARD I,,,Waldo Fenner,9
DURHAM,43,CITY OF DURHAM CITY COUNCIL WARD II,,,Mark-Anthony Middleton,326
DURHAM,43,CITY OF DURHAM CITY COUNCIL WARD II,,,"Robert L. Curtis, Jr.",29
DURHAM,43,CITY OF DURHAM CITY COUNCIL WARD II,,,Sylvester Williams,36
DURHAM,44,CITY OF DURHAM MAYOR,,,Charlitta Burruss,2
DURHAM,44,CITY OF DURHAM MAYOR,,,Daryl Quick,3
DURHAM,44,CITY OF DURHAM MAYOR,,,Elaine O'Neal,100
DURHAM,44,CITY OF DURHAM MAYOR,,,Jahnmaud Lane,14
DURHAM,44,CITY OF DURHAM MAYOR,,,Javiera Caballero,16
DURHAM,44,CITY OF DURHAM MAYOR,,,Rebecca Harvard Barnes,2
DURHAM,44,CITY OF DURHAM MAYOR,,,Sabrina (Bree) Davis,5
DURHAM,44,CITY OF DURHAM CITY COUNCIL WARD I,,,DeDreana Freeman,101
DURHAM,44,CITY OF DURHAM CITY COUNCIL WARD I,,,Elizabeth Takla,7
DURHAM,44,CITY OF DURHAM CITY COUNCIL WARD I,,,Marion T. Johnson,21
DURHAM,44,CITY OF DURHAM CITY COUNCIL WARD I,,,Waldo Fenner,7
DURHAM,44,CITY OF DURHAM CITY COUNCIL WARD II,,,Mark-Anthony Middleton,96
DURHAM,44,CITY OF DURHAM CITY COUNCIL WARD II,,,"Robert L. Curtis, Jr.",16
DURHAM,44,CITY OF DURHAM CITY COUNCIL WARD II,,,Sylvester Williams,22
DURHAM,45,CITY OF DURHAM MAYOR,,,Charlitta Burruss,3
DURHAM,45,CITY OF DURHAM MAYOR,,,Daryl Quick,4
DURHAM,45,CITY OF DURHAM MAYOR,,,Elaine O'Neal,188
DURHAM,45,CITY OF DURHAM MAYOR,,,Jahnmaud Lane,15
DURHAM,45,CITY OF DURHAM MAYOR,,,Javiera Caballero,49
DURHAM,45,CITY OF DURHAM MAYOR,,,Rebecca Harvard Barnes,8
DURHAM,45,CITY OF DURHAM MAYOR,,,Sabrina (Bree) Davis,4
DURHAM,45,CITY OF DURHAM CITY COUNCIL WARD I,,,DeDreana Freeman,179
DURHAM,45,CITY OF DURHAM CITY COUNCIL WARD I,,,Elizabeth Takla,11
DURHAM,45,CITY OF DURHAM CITY COUNCIL WARD I,,,Marion T. Johnson,61
DURHAM,45,CITY OF DURHAM CITY COUNCIL WARD I,,,Waldo Fenner,8
DURHAM,45,CITY OF DURHAM CITY COUNCIL WARD II,,,Mark-Anthony Middleton,207
DURHAM,45,CITY OF DURHAM CITY COUNCIL WARD II,,,"Robert L. Curtis, Jr.",21
DURHAM,45,CITY OF DURHAM CITY COUNCIL WARD II,,,Sylvester Williams,25
DURHAM,46,CITY OF DURHAM MAYOR,,,Charlitta Burruss,0
DURHAM,46,CITY OF DURHAM MAYOR,,,Daryl Quick,3
DURHAM,46,CITY OF DURHAM MAYOR,,,Elaine O'Neal,106
DURHAM,46,CITY OF DURHAM MAYOR,,,Jahnmaud Lane,11
DURHAM,46,CITY OF DURHAM MAYOR,,,Javiera Caballero,44
DURHAM,46,CITY OF DURHAM MAYOR,,,Rebecca Harvard Barnes,4
DURHAM,46,CITY OF DURHAM MAYOR,,,Sabrina (Bree) Davis,5
DURHAM,46,CITY OF DURHAM CITY COUNCIL WARD I,,,DeDreana Freeman,117
DURHAM,46,CITY OF DURHAM CITY COUNCIL WARD I,,,Elizabeth Takla,3
DURHAM,46,CITY OF DURHAM CITY COUNCIL WARD I,,,Marion T. Johnson,44
DURHAM,46,CITY OF DURHAM CITY COUNCIL WARD I,,,Waldo Fenner,4
DURHAM,46,CITY OF DURHAM CITY COUNCIL WARD II,,,Mark-Anthony Middleton,137
DURHAM,46,CITY OF DURHAM CITY COUNCIL WARD II,,,"Robert L. Curtis, Jr.",12
DURHAM,46,CITY OF DURHAM CITY COUNCIL WARD II,,,Sylvester Williams,13
DURHAM,47,CITY OF DURHAM MAYOR,,,Charlitta Burruss,0
DURHAM,47,CITY OF DURHAM MAYOR,,,Daryl Quick,2
DURHAM,47,CITY OF DURHAM MAYOR,,,Elaine O'Neal,137
DURHAM,47,CITY OF DURHAM MAYOR,,,Jahnmaud Lane,0
DURHAM,47,CITY OF DURHAM MAYOR,,,Javiera Caballero,1
DURHAM,47,CITY OF DURHAM MAYOR,,,Rebecca Harvard Barnes,1
DURHAM,47,CITY OF DURHAM MAYOR,,,Sabrina (Bree) Davis,0
DURHAM,47,CITY OF DURHAM CITY COUNCIL WARD I,,,DeDreana Freeman,127
DURHAM,47,CITY OF DURHAM CITY COUNCIL WARD I,,,Elizabeth Takla,0
DURHAM,47,CITY OF DURHAM CITY COUNCIL WARD I,,,Marion T. Johnson,10
DURHAM,47,CITY OF DURHAM CITY COUNCIL WARD I,,,Waldo Fenner,1
DURHAM,47,CITY OF DURHAM CITY COUNCIL WARD II,,,Mark-Anthony Middleton,119
DURHAM,47,CITY OF DURHAM CITY COUNCIL WARD II,,,"Robert L. Curtis, Jr.",4
DURHAM,47,CITY OF DURHAM CITY COUNCIL WARD II,,,Sylvester Williams,16
DURHAM,48,CITY OF DURHAM MAYOR,,,Charlitta Burruss,2
DURHAM,48,CITY OF DURHAM MAYOR,,,Daryl Quick,0
DURHAM,48,CITY OF DURHAM MAYOR,,,Elaine O'Neal,97
DURHAM,48,CITY OF DURHAM MAYOR,,,Jahnmaud Lane,4
DURHAM,48,CITY OF DURHAM MAYOR,,,Javiera Caballero,27
DURHAM,48,CITY OF DURHAM MAYOR,,,Rebecca Harvard Barnes,2
DURHAM,48,CITY OF DURHAM MAYOR,,,Sabrina (Bree) Davis,2
DURHAM,48,CITY OF DURHAM CITY COUNCIL WARD I,,,DeDreana Freeman,96
DURHAM,48,CITY OF DURHAM CITY COUNCIL WARD I,,,Elizabeth Takla,1
DURHAM,48,CITY OF DURHAM CITY COUNCIL WARD I,,,Marion T. Johnson,31
DURHAM,48,CITY OF DURHAM CITY COUNCIL WARD I,,,Waldo Fenner,2
DURHAM,48,CITY OF DURHAM CITY COUNCIL WARD II,,,Mark-Anthony Middleton,113
DURHAM,48,CITY OF DURHAM CITY COUNCIL WARD II,,,"Robert L. Curtis, Jr.",4
DURHAM,48,CITY OF DURHAM CITY COUNCIL WARD II,,,Sylvester Williams,9
DURHAM,50,CITY OF DURHAM MAYOR,,,Charlitta Burruss,5
DURHAM,50,CITY OF DURHAM MAYOR,,,Daryl Quick,0
DURHAM,50,CITY OF DURHAM MAYOR,,,Elaine O'Neal,124
DURHAM,50,CITY OF DURHAM MAYOR,,,Jahnmaud Lane,11
DURHAM,50,CITY OF DURHAM MAYOR,,,Javiera Caballero,82
DURHAM,50,CITY OF DURHAM MAYOR,,,Rebecca Harvard Barnes,4
DURHAM,50,CITY OF DURHAM MAYOR,,,Sabrina (Bree) Davis,3
DURHAM,50,CITY OF DURHAM CITY COUNCIL WARD I,,,DeDreana Freeman,144
DURHAM,50,CITY OF DURHAM CITY COUNCIL WARD I,,,Elizabeth Takla,9
DURHAM,50,CITY OF DURHAM CITY COUNCIL WARD I,,,Marion T. Johnson,62
DURHAM,50,CITY OF DURHAM CITY COUNCIL WARD I,,,Waldo Fenner,2
DURHAM,50,CITY OF DURHAM CITY COUNCIL WARD II,,,Mark-Anthony Middleton,169
DURHAM,50,CITY OF DURHAM CITY COUNCIL WARD II,,,"Robert L. Curtis, Jr.",7
DURHAM,50,CITY OF DURHAM CITY COUNCIL WARD II,,,Sylvester Williams,30
DURHAM,51,CITY OF DURHAM MAYOR,,,Charlitta Burruss,2
DURHAM,51,CITY OF DURHAM MAYOR,,,Daryl Quick,1
DURHAM,51,CITY OF DURHAM MAYOR,,,Elaine O'Neal,212
DURHAM,51,CITY OF DURHAM MAYOR,,,Jahnmaud Lane,9
DURHAM,51,CITY OF DURHAM MAYOR,,,Javiera Caballero,93
DURHAM,51,CITY OF DURHAM MAYOR,,,Rebecca Harvard Barnes,8
DURHAM,51,CITY OF DURHAM MAYOR,,,Sabrina (Bree) Davis,1
DURHAM,51,CITY OF DURHAM CITY COUNCIL WARD I,,,DeDreana Freeman,213
DURHAM,51,CITY OF DURHAM CITY COUNCIL WARD I,,,Elizabeth Takla,1
DURHAM,51,CITY OF DURHAM CITY COUNCIL WARD I,,,Marion T. Johnson,93
DURHAM,51,CITY OF DURHAM CITY COUNCIL WARD I,,,Waldo Fenner,6
DURHAM,51,CITY OF DURHAM CITY COUNCIL WARD II,,,Mark-Anthony Middleton,270
DURHAM,51,CITY OF DURHAM CITY COUNCIL WARD II,,,"Robert L. Curtis, Jr.",15
DURHAM,51,CITY OF DURHAM CITY COUNCIL WARD II,,,Sylvester Williams,25
DURHAM,52,CITY OF DURHAM MAYOR,,,Charlitta Burruss,4
DURHAM,52,CITY OF DURHAM MAYOR,,,Daryl Quick,4
DURHAM,52,CITY OF DURHAM MAYOR,,,Elaine O'Neal,110
DURHAM,52,CITY OF DURHAM MAYOR,,,Jahnmaud Lane,2
DURHAM,52,CITY OF DURHAM MAYOR,,,Javiera Caballero,14
DURHAM,52,CITY OF DURHAM MAYOR,,,Rebecca Harvard Barnes,5
DURHAM,52,CITY OF DURHAM MAYOR,,,Sabrina (Bree) Davis,3
DURHAM,52,CITY OF DURHAM CITY COUNCIL WARD I,,,DeDreana Freeman,103
DURHAM,52,CITY OF DURHAM CITY COUNCIL WARD I,,,Elizabeth Takla,3
DURHAM,52,CITY OF DURHAM CITY COUNCIL WARD I,,,Marion T. Johnson,30
DURHAM,52,CITY OF DURHAM CITY COUNCIL WARD I,,,Waldo Fenner,2
DURHAM,52,CITY OF DURHAM CITY COUNCIL WARD II,,,Mark-Anthony Middleton,103
DURHAM,52,CITY OF DURHAM CITY COUNCIL WARD II,,,"Robert L. Curtis, Jr.",20
DURHAM,52,CITY OF DURHAM CITY COUNCIL WARD II,,,Sylvester Williams,16
DURHAM,53-1,CITY OF DURHAM MAYOR,,,Charlitta Burruss,2
DURHAM,53-1,CITY OF DURHAM MAYOR,,,Daryl Quick,1
DURHAM,53-1,CITY OF DURHAM MAYOR,,,Elaine O'Neal,91
DURHAM,53-1,CITY OF DURHAM MAYOR,,,Jahnmaud Lane,2
DURHAM,53-1,CITY OF DURHAM MAYOR,,,Javiera Caballero,32
DURHAM,53-1,CITY OF DURHAM MAYOR,,,Rebecca Harvard Barnes,6
DURHAM,53-1,CITY OF DURHAM MAYOR,,,Sabrina (Bree) Davis,3
DURHAM,53-1,CITY OF DURHAM CITY COUNCIL WARD I,,,DeDreana Freeman,90
DURHAM,53-1,CITY OF DURHAM CITY COUNCIL WARD I,,,Elizabeth Takla,6
DURHAM,53-1,CITY OF DURHAM CITY COUNCIL WARD I,,,Marion T. Johnson,34
DURHAM,53-1,CITY OF DURHAM CITY COUNCIL WARD I,,,Waldo Fenner,2
DURHAM,53-1,CITY OF DURHAM CITY COUNCIL WARD II,,,Mark-Anthony Middleton,103
DURHAM,53-1,CITY OF DURHAM CITY COUNCIL WARD II,,,"Robert L. Curtis, Jr.",12
DURHAM,53-1,CITY OF DURHAM CITY COUNCIL WARD II,,,Sylvester Williams,14
DURHAM,53-2,CITY OF DURHAM MAYOR,,,Charlitta Burruss,1
DURHAM,53-2,CITY OF DURHAM MAYOR,,,Daryl Quick,0
DURHAM,53-2,CITY OF DURHAM MAYOR,,,Elaine O'Neal,70
DURHAM,53-2,CITY OF DURHAM MAYOR,,,Jahnmaud Lane,4
DURHAM,53-2,CITY OF DURHAM MAYOR,,,Javiera Caballero,50
DURHAM,53-2,CITY OF DURHAM MAYOR,,,Rebecca Harvard Barnes,7
DURHAM,53-2,CITY OF DURHAM MAYOR,,,Sabrina (Bree) Davis,8
DURHAM,53-2,CITY OF DURHAM CITY COUNCIL WARD I,,,DeDreana Freeman,84
DURHAM,53-2,CITY OF DURHAM CITY COUNCIL WARD I,,,Elizabeth Takla,6
DURHAM,53-2,CITY OF DURHAM CITY COUNCIL WARD I,,,Marion T. Johnson,33
DURHAM,53-2,CITY OF DURHAM CITY COUNCIL WARD I,,,Waldo Fenner,5
DURHAM,53-2,CITY OF DURHAM CITY COUNCIL WARD II,,,Mark-Anthony Middleton,104
DURHAM,53-2,CITY OF DURHAM CITY COUNCIL WARD II,,,"Robert L. Curtis, Jr.",5
DURHAM,53-2,CITY OF DURHAM CITY COUNCIL WARD II,,,Sylvester Williams,11
DURHAM,54,CITY OF DURHAM MAYOR,,,Charlitta Burruss,1
DURHAM,54,CITY OF DURHAM MAYOR,,,Daryl Quick,3
DURHAM,54,CITY OF DURHAM MAYOR,,,Elaine O'Neal,199
DURHAM,54,CITY OF DURHAM MAYOR,,,Jahnmaud Lane,11
DURHAM,54,CITY OF DURHAM MAYOR,,,Javiera Caballero,51
DURHAM,54,CITY OF DURHAM MAYOR,,,Rebecca Harvard Barnes,5
DURHAM,54,CITY OF DURHAM MAYOR,,,Sabrina (Bree) Davis,4
DURHAM,54,CITY OF DURHAM CITY COUNCIL WARD I,,,DeDreana Freeman,201
DURHAM,54,CITY OF DURHAM CITY COUNCIL WARD I,,,Elizabeth Takla,2
DURHAM,54,CITY OF DURHAM CITY COUNCIL WARD I,,,Marion T. Johnson,55
DURHAM,54,CITY OF DURHAM CITY COUNCIL WARD I,,,Waldo Fenner,6
DURHAM,54,CITY OF DURHAM CITY COUNCIL WARD II,,,Mark-Anthony Middleton,237
DURHAM,54,CITY OF DURHAM CITY COUNCIL WARD II,,,"Robert L. Curtis, Jr.",7
DURHAM,54,CITY OF DURHAM CITY COUNCIL WARD II,,,Sylvester Williams,24
DURHAM,55-11,CITY OF DURHAM MAYOR,,,Charlitta Burruss,0
DURHAM,55-11,CITY OF DURHAM MAYOR,,,Daryl Quick,3
DURHAM,55-11,CITY OF DURHAM MAYOR,,,Elaine O'Neal,103
DURHAM,55-11,CITY OF DURHAM MAYOR,,,Jahnmaud Lane,1
DURHAM,55-11,CITY OF DURHAM MAYOR,,,Javiera Caballero,10
DURHAM,55-11,CITY OF DURHAM MAYOR,,,Rebecca Harvard Barnes,0
DURHAM,55-11,CITY OF DURHAM MAYOR,,,Sabrina (Bree) Davis,0
DURHAM,55-11,CITY OF DURHAM CITY COUNCIL WARD I,,,DeDreana Freeman,89
DURHAM,55-11,CITY OF DURHAM CITY COUNCIL WARD I,,,Elizabeth Takla,0
DURHAM,55-11,CITY OF DURHAM CITY COUNCIL WARD I,,,Marion T. Johnson,23
DURHAM,55-11,CITY OF DURHAM CITY COUNCIL WARD I,,,Waldo Fenner,2
DURHAM,55-11,CITY OF DURHAM CITY COUNCIL WARD II,,,Mark-Anthony Middleton,77
DURHAM,55-11,CITY OF DURHAM CITY COUNCIL WARD II,,,"Robert L. Curtis, Jr.",17
DURHAM,55-11,CITY OF DURHAM CITY COUNCIL WARD II,,,Sylvester Williams,15
DURHAM,55-49,CITY OF DURHAM MAYOR,,,Charlitta Burruss,0
DURHAM,55-49,CITY OF DURHAM MAYOR,,,Daryl Quick,1
DURHAM,55-49,CITY OF DURHAM MAYOR,,,Elaine O'Neal,5
DURHAM,55-49,CITY OF DURHAM MAYOR,,,Jahnmaud Lane,0
DURHAM,55-49,CITY OF DURHAM MAYOR,,,Javiera Caballero,1
DURHAM,55-49,CITY OF DURHAM MAYOR,,,Rebecca Harvard Barnes,0
DURHAM,55-49,CITY OF DURHAM MAYOR,,,Sabrina (Bree) Davis,0
DURHAM,55-49,CITY OF DURHAM CITY COUNCIL WARD I,,,DeDreana Freeman,7
DURHAM,55-49,CITY OF DURHAM CITY COUNCIL WARD I,,,Elizabeth Takla,0
DURHAM,55-49,CITY OF DURHAM CITY COUNCIL WARD I,,,Marion T. Johnson,0
DURHAM,55-49,CITY OF DURHAM CITY COUNCIL WARD I,,,Waldo Fenner,0
DURHAM,55-49,CITY OF DURHAM CITY COUNCIL WARD II,,,Mark-Anthony Middleton,4
DURHAM,55-49,CITY OF DURHAM CITY COUNCIL WARD II,,,"Robert L. Curtis, Jr.",2
DURHAM,55-49,CITY OF DURHAM CITY COUNCIL WARD II,,,Sylvester Williams,1
DURHAM,ABS,CITY OF DURHAM MAYOR,,,Charlitta Burruss,2
DURHAM,ABS,CITY OF DURHAM MAYOR,,,Daryl Quick,1
DURHAM,ABS,CITY OF DURHAM MAYOR,,,Elaine O'Neal,262
DURHAM,ABS,CITY OF DURHAM MAYOR,,,Jahnmaud Lane,9
DURHAM,ABS,CITY OF DURHAM MAYOR,,,Javiera Caballero,155
DURHAM,ABS,CITY OF DURHAM MAYOR,,,Rebecca Harvard Barnes,11
DURHAM,ABS,CITY OF DURHAM MAYOR,,,Sabrina (Bree) Davis,5
DURHAM,ABS,CITY OF DURHAM CITY COUNCIL WARD I,,,DeDreana Freeman,263
DURHAM,ABS,CITY OF DURHAM CITY COUNCIL WARD I,,,Elizabeth Takla,12
DURHAM,ABS,CITY OF DURHAM CITY COUNCIL WARD I,,,Marion T. Johnson,157
DURHAM,ABS,CITY OF DURHAM CITY COUNCIL WARD I,,,Waldo Fenner,6
DURHAM,ABS,CITY OF DURHAM CITY COUNCIL WARD II,,,Mark-Anthony Middleton,382
DURHAM,ABS,CITY OF DURHAM CITY COUNCIL WARD II,,,"Robert L. Curtis, Jr.",11
DURHAM,ABS,CITY OF DURHAM CITY COUNCIL WARD II,,,Sylvester Williams,34
DURHAM,ONE STOP DML,CITY OF DURHAM MAYOR,,,Charlitta Burruss,8
DURHAM,ONE STOP DML,CITY OF DURHAM MAYOR,,,Daryl Quick,39
DURHAM,ONE STOP DML,CITY OF DURHAM MAYOR,,,Elaine O'Neal,1544
DURHAM,ONE STOP DML,CITY OF DURHAM MAYOR,,,Jahnmaud Lane,17
DURHAM,ONE STOP DML,CITY OF DURHAM MAYOR,,,Javiera Caballero,1166
DURHAM,ONE STOP DML,CITY OF DURHAM MAYOR,,,Rebecca Harvard Barnes,26
DURHAM,ONE STOP DML,CITY OF DURHAM MAYOR,,,Sabrina (Bree) Davis,17
DURHAM,ONE STOP DML,CITY OF DURHAM CITY COUNCIL WARD I,,,DeDreana Freeman,1619
DURHAM,ONE STOP DML,CITY OF DURHAM CITY COUNCIL WARD I,,,Elizabeth Takla,23
DURHAM,ONE STOP DML,CITY OF DURHAM CITY COUNCIL WARD I,,,Marion T. Johnson,1120
DURHAM,ONE STOP DML,CITY OF DURHAM CITY COUNCIL WARD I,,,Waldo Fenner,21
DURHAM,ONE STOP DML,CITY OF DURHAM CITY COUNCIL WARD II,,,Mark-Anthony Middleton,2372
DURHAM,ONE STOP DML,CITY OF DURHAM CITY COUNCIL WARD II,,,"Robert L. Curtis, Jr.",86
DURHAM,ONE STOP DML,CITY OF DURHAM CITY COUNCIL WARD II,,,Sylvester Williams,160
DURHAM,ONE STOP ERL,CITY OF DURHAM MAYOR,,,Charlitta Burruss,5
DURHAM,ONE STOP ERL,CITY OF DURHAM MAYOR,,,Daryl Quick,17
DURHAM,ONE STOP ERL,CITY OF DURHAM MAYOR,,,Elaine O'Neal,1073
DURHAM,ONE STOP ERL,CITY OF DURHAM MAYOR,,,Jahnmaud Lane,63
DURHAM,ONE STOP ERL,CITY OF DURHAM MAYOR,,,Javiera Caballero,130
DURHAM,ONE STOP ERL,CITY OF DURHAM MAYOR,,,Rebecca Harvard Barnes,27
DURHAM,ONE STOP ERL,CITY OF DURHAM MAYOR,,,Sabrina (Bree) Davis,21
DURHAM,ONE STOP ERL,CITY OF DURHAM CITY COUNCIL WARD I,,,DeDreana Freeman,1069
DURHAM,ONE STOP ERL,CITY OF DURHAM CITY COUNCIL WARD I,,,Elizabeth Takla,28
DURHAM,ONE STOP ERL,CITY OF DURHAM CITY COUNCIL WARD I,,,Marion T. Johnson,156
DURHAM,ONE STOP ERL,CITY OF DURHAM CITY COUNCIL WARD I,,,Waldo Fenner,16
DURHAM,ONE STOP ERL,CITY OF DURHAM CITY COUNCIL WARD II,,,Mark-Anthony Middleton,1094
DURHAM,ONE STOP ERL,CITY OF DURHAM CITY COUNCIL WARD II,,,"Robert L. Curtis, Jr.",72
DURHAM,ONE STOP ERL,CITY OF DURHAM CITY COUNCIL WARD II,,,Sylvester Williams,147
DURHAM,ONE STOP NCCU,CITY OF DURHAM MAYOR,,,Charlitta Burruss,4
DURHAM,ONE STOP NCCU,CITY OF DURHAM MAYOR,,,Daryl Quick,10
DURHAM,ONE STOP NCCU,CITY OF DURHAM MAYOR,,,Elaine O'Neal,857
DURHAM,ONE STOP NCCU,CITY OF DURHAM MAYOR,,,Jahnmaud Lane,2
DURHAM,ONE STOP NCCU,CITY OF DURHAM MAYOR,,,Javiera Caballero,77
DURHAM,ONE STOP NCCU,CITY OF DURHAM MAYOR,,,Rebecca Harvard Barnes,7
DURHAM,ONE STOP NCCU,CITY OF DURHAM MAYOR,,,Sabrina (Bree) Davis,10
DURHAM,ONE STOP NCCU,CITY OF DURHAM CITY COUNCIL WARD I,,,DeDreana Freeman,813
DURHAM,ONE STOP NCCU,CITY OF DURHAM CITY COUNCIL WARD I,,,Elizabeth Takla,11
DURHAM,ONE STOP NCCU,CITY OF DURHAM CITY COUNCIL WARD I,,,Marion T. Johnson,123
DURHAM,ONE STOP NCCU,CITY OF DURHAM CITY COUNCIL WARD I,,,Waldo Fenner,6
DURHAM,ONE STOP NCCU,CITY OF DURHAM CITY COUNCIL WARD II,,,Mark-Anthony Middleton,807
DURHAM,ONE STOP NCCU,CITY OF DURHAM CITY COUNCIL WARD II,,,"Robert L. Curtis, Jr.",40
DURHAM,ONE STOP NCCU,CITY OF DURHAM CITY COUNCIL WARD II,,,Sylvester Williams,101
DURHAM,ONE STOP NRL,CITY OF DURHAM MAYOR,,,Charlitta Burruss,10
ALAMANCE,03C,CITY OF BURLINGTON MAYOR,,,Caleb J. Massey,17
ALAMANCE,03C,CITY OF BURLINGTON MAYOR,,,Donna Vanhook,15
ALAMANCE,03C,CITY OF BURLINGTON MAYOR,,,Ian Baltutis,159
ALAMANCE,03C,CITY OF BURLINGTON MAYOR,,,Jim Butler,339
ALAMANCE,03C,CITY OF BURLINGTON MAYOR,,,Walter Boyd,27
ALAMANCE,03C,CITY OF BURLINGTON COUNCIL MEMBER,,,Bob Byrd,197
ALAMANCE,03C,CITY OF BURLINGTON COUNCIL MEMBER,,,Charlie Beasley,32
ALAMANCE,03C,CITY OF BURLINGTON COUNCIL MEMBER,,,Dejuana Warren Bigelow,115
ALAMANCE,03C,CITY OF BURLINGTON COUNCIL MEMBER,,,Harold Owen,325
ALAMANCE,03C,CITY OF BURLINGTON COUNCIL MEMBER,,,Ronnie Wall,360
ALAMANCE,03C,CITY OF BURLINGTON COUNCIL MEMBER,,,Wendy Jordan,58
ALAMANCE,03S,CITY OF BURLINGTON MAYOR,,,Caleb J. Massey,40
ALAMANCE,03S,CITY OF BURLINGTON MAYOR,,,Donna Vanhook,47
ALAMANCE,03S,CITY OF BURLINGTON MAYOR,,,Ian Baltutis,246
ALAMANCE,03S,CITY OF BURLINGTON MAYOR,,,Jim Butler,257
ALAMANCE,03S,CITY OF BURLINGTON MAYOR,,,Walter Boyd,19
ALAMANCE,03S,CITY OF BURLINGTON COUNCIL MEMBER,,,Bob Byrd,264
ALAMANCE,03S,CITY OF BURLINGTON COUNCIL MEMBER,,,Charlie Beasley,87
ALAMANCE,03S,CITY OF BURLINGTON COUNCIL MEMBER,,,Dejuana Warren Bigelow,226
ALAMANCE,03S,CITY OF BURLINGTON COUNCIL MEMBER,,,Harold Owen,246
ALAMANCE,03S,CITY OF BURLINGTON COUNCIL MEMBER,,,Ronnie Wall,240
ALAMANCE,03S,CITY OF BURLINGTON COUNCIL MEMBER,,,Wendy Jordan,106
ALAMANCE,03W,CITY OF BURLINGTON MAYOR,,,Caleb J. Massey,0
ALAMANCE,03W,CITY OF BURLINGTON MAYOR,,,Donna Vanhook,0
ALAMANCE,03W,CITY OF BURLINGTON MAYOR,,,Ian Baltutis,0
ALAMANCE,03W,CITY OF BURLINGTON MAYOR,,,Jim Butler,0
ALAMANCE,03W,CITY OF BURLINGTON MAYOR,,,Walter Boyd,0
ALAMANCE,03W,CITY OF BURLINGTON COUNCIL MEMBER,,,Bob Byrd,0
ALAMANCE,03W,CITY OF BURLINGTON COUNCIL MEMBER,,,Charlie Beasley,0
ALAMANCE,03W,CITY OF BURLINGTON COUNCIL MEMBER,,,Dejuana Warren Bigelow,0
ALAMANCE,03W,CITY OF BURLINGTON COUNCIL MEMBER,,,Harold Owen,0
ALAMANCE,03W,CITY OF BURLINGTON COUNCIL MEMBER,,,Ronnie Wall,0
ALAMANCE,03W,CITY OF BURLINGTON COUNCIL MEMBER,,,Wendy Jordan,0
ALAMANCE,063,CITY OF BURLINGTON MAYOR,,,Caleb J. Massey,10
ALAMANCE,063,CITY OF BURLINGTON MAYOR,,,Donna Vanhook,22
ALAMANCE,063,CITY OF BURLINGTON MAYOR,,,Ian Baltutis,70
ALAMANCE,063,CITY OF BURLINGTON MAYOR,,,Jim Butler,43
ALAMANCE,063,CITY OF BURLINGTON MAYOR,,,Walter Boyd,18
ALAMANCE,063,CITY OF BURLINGTON COUNCIL MEMBER,,,Bob Byrd,60
ALAMANCE,063,CITY OF BURLINGTON COUNCIL MEMBER,,,Charlie Beasley,17
ALAMANCE,063,CITY OF BURLINGTON COUNCIL MEMBER,,,Dejuana Warren Bigelow,79
ALAMANCE,063,CITY OF BURLINGTON COUNCIL MEMBER,,,Harold Owen,48
ALAMANCE,063,CITY OF BURLINGTON COUNCIL MEMBER,,,Ronnie Wall,80
ALAMANCE,063,CITY OF BURLINGTON COUNCIL MEMBER,,,Wendy Jordan,24
ALAMANCE,064,CITY OF BURLINGTON MAYOR,,,Caleb J. Massey,7
ALAMANCE,064,CITY OF BURLINGTON MAYOR,,,Donna Vanhook,6
ALAMANCE,064,CITY OF BURLINGTON MAYOR,,,Ian Baltutis,19
ALAMANCE,064,CITY OF BURLINGTON MAYOR,,,Jim Butler,21
ALAMANCE,064,CITY OF BURLINGTON MAYOR,,,Walter Boyd,7
ALAMANCE,064,CITY OF BURLINGTON COUNCIL MEMBER,,,Bob Byrd,17
ALAMANCE,064,CITY OF BURLINGTON COUNCIL MEMBER,,,Charlie Beasley,7
ALAMANCE,064,CITY OF BURLINGTON COUNCIL MEMBER,,,Dejuana Warren Bigelow,24
ALAMANCE,064,CITY OF BURLINGTON COUNCIL MEMBER,,,Harold Owen,21
ALAMANCE,064,CITY OF BURLINGTON COUNCIL MEMBER,,,Ronnie Wall,32
ALAMANCE,064,CITY OF BURLINGTON COUNCIL MEMBER,,,Wendy Jordan,13
ALAMANCE,06N,CITY OF BURLINGTON MAYOR,,,Caleb J. Massey,0
ALAMANCE,06N,CITY OF BURLINGTON MAYOR,,,Donna Vanhook,0
ALAMANCE,06N,CITY OF BURLINGTON MAYOR,,,Ian Baltutis,0
ALAMANCE,06N,CITY OF BURLINGTON MAYOR,,,Jim Butler,0
ALAMANCE,06N,CITY OF BURLINGTON MAYOR,,,Walter Boyd,0
ALAMANCE,06N,CITY OF BURLINGTON COUNCIL MEMBER,,,Bob Byrd,0
ALAMANCE,06N,CITY OF BURLINGTON COUNCIL MEMBER,,,Charlie Beasley,0
ALAMANCE,06N,CITY OF BURLINGTON COUNCIL MEMBER,,,Dejuana Warren Bigelow,0
ALAMANCE,06N,CITY OF BURLINGTON COUNCIL MEMBER,,,Harold Owen,0
ALAMANCE,06N,CITY OF BURLINGTON COUNCIL MEMBER,,,Ronnie Wall,0
ALAMANCE,06N,CITY OF BURLINGTON COUNCIL MEMBER,,,Wendy Jordan,0
ALAMANCE,06W,CITY OF BURLINGTON MAYOR,,,Caleb J. Massey,6
ALAMANCE,06W,CITY OF BURLINGTON MAYOR,,,Donna Vanhook,8
ALAMANCE,06W,CITY OF BURLINGTON MAYOR,,,Ian Baltutis,15
ALAMANCE,06W,CITY OF BURLINGTON MAYOR,,,Jim Butler,27
ALAMANCE,06W,CITY OF BURLINGTON MAYOR,,,Walter Boyd,18
ALAMANCE,06W,CITY OF BURLINGTON COUNCIL MEMBER,,,Bob Byrd,21
ALAMANCE,06W,CITY OF BURLINGTON COUNCIL MEMBER,,,Charlie Beasley,12
ALAMANCE,06W,CITY OF BURLINGTON COUNCIL MEMBER,,,Dejuana Warren Bigelow,25
ALAMANCE,06W,CITY OF BURLINGTON COUNCIL MEMBER,,,Harold Owen,32
ALAMANCE,06W,CITY OF BURLINGTON COUNCIL MEMBER,,,Ronnie Wall,39
ALAMANCE,06W,CITY OF BURLINGTON COUNCIL MEMBER,,,Wendy Jordan,17
ALAMANCE,1210,CITY OF BURLINGTON MAYOR,,,Caleb J. Massey,14
ALAMANCE,1210,CITY OF BURLINGTON MAYOR,,,Donna Vanhook,10
ALAMANCE,1210,CITY OF BURLINGTON MAYOR,,,Ian Baltutis,52
ALAMANCE,1210,CITY OF BURLINGTON MAYOR,,,Jim Butler,58
ALAMANCE,1210,CITY OF BURLINGTON MAYOR,,,Walter Boyd,10
ALAMANCE,1210,CITY OF BURLINGTON COUNCIL MEMBER,,,Bob Byrd,42
ALAMANCE,1210,CITY OF BURLINGTON COUNCIL MEMBER,,,Charlie Beasley,16
ALAMANCE,1210,CITY OF BURLINGTON COUNCIL MEMBER,,,Dejuana Warren Bigelow,47
ALAMANCE,1210,CITY OF BURLINGTON COUNCIL MEMBER,,,Harold Owen,63
ALAMANCE,1210,CITY OF BURLINGTON COUNCIL MEMBER,,,Ronnie Wall,71
ALAMANCE,1210,CITY OF BURLINGTON COUNCIL MEMBER,,,Wendy Jordan,31
ALAMANCE,124,CITY OF BURLINGTON MAYOR,,,Caleb J. Massey,10
ALAMANCE,124,CITY OF BURLINGTON MAYOR,,,Donna Vanhook,13
ALAMANCE,124,CITY OF BURLINGTON MAYOR,,,Ian Baltutis,128
ALAMANCE,124,CITY OF BURLINGTON MAYOR,,,Jim Butler,113
ALAMANCE,124,CITY OF BURLINGTON MAYOR,,,Walter Boyd,25
ALAMANCE,124,CITY OF BURLINGTON COUNCIL MEMBER,,,Bob Byrd,120
ALAMANCE,124,CITY OF BURLINGTON COUNCIL MEMBER,,,Charlie Beasley,22
ALAMANCE,124,CITY OF BURLINGTON COUNCIL MEMBER,,,Dejuana Warren Bigelow,119
ALAMANCE,124,CITY OF BURLINGTON COUNCIL MEMBER,,,Harold Owen,105
ALAMANCE,124,CITY OF BURLINGTON COUNCIL MEMBER,,,Ronnie Wall,135
ALAMANCE,124,CITY OF BURLINGTON COUNCIL MEMBER,,,Wendy Jordan,49
ALAMANCE,125,CITY OF BURLINGTON MAYOR,,,Caleb J. Massey,24
ALAMANCE,125,CITY OF BURLINGTON MAYOR,,,Donna Vanhook,14
ALAMANCE,125,CITY OF BURLINGTON MAYOR,,,Ian Baltutis,75
ALAMANCE,125,CITY OF BURLINGTON MAYOR,,,Jim Butler,122
ALAMANCE,125,CITY OF BURLINGTON MAYOR,,,Walter Boyd,26
ALAMANCE,125,CITY OF BURLINGTON COUNCIL MEMBER,,,Bob Byrd,81
ALAMANCE,125,CITY OF BURLINGTON COUNCIL MEMBER,,,Charlie Beasley,41
ALAMANCE,125,CITY OF BURLINGTON COUNCIL MEMBER,,,Dejuana Warren Bigelow,58
ALAMANCE,125,CITY OF BURLINGTON COUNCIL MEMBER,,,Harold Owen,112
ALAMANCE,125,CITY OF BURLINGTON COUNCIL MEMBER,,,Ronnie Wall,136
ALAMANCE,125,CITY OF BURLINGTON COUNCIL MEMBER,,,Wendy Jordan,77
ALAMANCE,126,CITY OF BURLINGTON MAYOR,,,Caleb J. Massey,18
ALAMANCE,126,CITY OF BURLINGTON MAYOR,,,Donna Vanhook,5
ALAMANCE,126,CITY OF BURLINGTON MAYOR,,,Ian Baltutis,164
ALAMANCE,126,CITY OF BURLINGTON MAYOR,,,Jim Butler,252
ALAMANCE,126,CITY OF BURLINGTON MAYOR,,,Walter Boyd,32
ALAMANCE,126,CITY OF BURLINGTON COUNCIL MEMBER,,,Bob Byrd,182
ALAMANCE,126,CITY OF BURLINGTON COUNCIL MEMBER,,,Charlie Beasley,24
ALAMANCE,126,CITY OF BURLINGTON COUNCIL MEMBER,,,Dejuana Warren Bigelow,114
ALAMANCE,126,CITY OF BURLINGTON COUNCIL MEMBER,,,Harold Owen,259
ALAMANCE,126,CITY OF BURLINGTON COUNCIL MEMBER,,,Ronnie Wall,270
ALAMANCE,126,CITY OF BURLINGTON COUNCIL MEMBER,,,Wendy Jordan,62
ALAMANCE,127,CITY OF BURLINGTON MAYOR,,,Caleb J. Massey,4
ALAMANCE,127,CITY OF BURLINGTON MAYOR,,,Donna Vanhook,103
ALAMANCE,127,CITY OF BURLINGTON MAYOR,,,Ian Baltutis,82
ALAMANCE,127,CITY OF BURLINGTON MAYOR,,,Jim Butler,13
ALAMANCE,127,CITY OF BURLINGTON MAYOR,,,Walter Boyd,7
ALAMANCE,127,CITY OF BURLINGTON COUNCIL MEMBER,,,Bob Byrd,67
ALAMANCE,127,CITY OF BURLINGTON COUNCIL MEMBER,,,Charlie Beasley,31
ALAMANCE,127,CITY OF BURLINGTON COUNCIL MEMBER,,,Dejuana Warren Bigelow,184
ALAMANCE,127,CITY OF BURLINGTON COUNCIL MEMBER,,,Harold Owen,32
ALAMANCE,127,CITY OF BURLINGTON COUNCIL MEMBER,,,Ronnie Wall,45
ALAMANCE,127,CITY OF BURLINGTON COUNCIL MEMBER,,,Wendy Jordan,25
ALAMANCE,128,CITY OF BURLINGTON MAYOR,,,Caleb J. Massey,1
ALAMANCE,128,CITY OF BURLINGTON MAYOR,,,Donna Vanhook,17
ALAMANCE,128,CITY OF BURLINGTON MAYOR,,,Ian Baltutis,52
ALAMANCE,128,CITY OF BURLINGTON MAYOR,,,Jim Butler,31
ALAMANCE,128,CITY OF BURLINGTON MAYOR,,,Walter Boyd,10
ALAMANCE,128,CITY OF BURLINGTON COUNCIL MEMBER,,,Bob Byrd,56
ALAMANCE,128,CITY OF BURLINGTON COUNCIL MEMBER,,,Charlie Beasley,4
ALAMANCE,128,CITY OF BURLINGTON COUNCIL MEMBER,,,Dejuana Warren Bigelow,63
ALAMANCE,128,CITY OF BURLINGTON COUNCIL MEMBER,,,Harold Owen,34
ALAMANCE,128,CITY OF BURLINGTON COUNCIL MEMBER,,,Ronnie Wall,35
ALAMANCE,128,CITY OF BURLINGTON COUNCIL MEMBER,,,Wendy Jordan,12
ALAMANCE,129,CITY OF BURLINGTON MAYOR,,,Caleb J. Massey,19
ALAMANCE,129,CITY OF BURLINGTON MAYOR,,,Donna Vanhook,6
ALAMANCE,129,CITY OF BURLINGTON MAYOR,,,Ian Baltutis,56
ALAMANCE,129,CITY OF BURLINGTON MAYOR,,,Jim Butler,84
ALAMANCE,129,CITY OF BURLINGTON MAYOR,,,Walter Boyd,16
ALAMANCE,129,CITY OF BURLINGTON COUNCIL MEMBER,,,Bob Byrd,54
ALAMANCE,129,CITY OF BURLINGTON COUNCIL MEMBER,,,Charlie Beasley,11
ALAMANCE,129,CITY OF BURLINGTON COUNCIL MEMBER,,,Dejuana Warren Bigelow,42
ALAMANCE,129,CITY OF BURLINGTON COUNCIL MEMBER,,,Harold Owen,97
ALAMANCE,129,CITY OF BURLINGTON COUNCIL MEMBER,,,Ronnie Wall,106
ALAMANCE,129,CITY OF BURLINGTON COUNCIL MEMBER,,,Wendy Jordan,42
ALAMANCE,12E,CITY OF BURLINGTON MAYOR,,,Caleb J. Massey,9
ALAMANCE,12E,CITY OF BURLINGTON MAYOR,,,Donna Vanhook,19
ALAMANCE,12E,CITY OF BURLINGTON MAYOR,,,Ian Baltutis,42
ALAMANCE,12E,CITY OF BURLINGTON MAYOR,,,Jim Butler,14
ALAMANCE,12E,CITY OF BURLINGTON MAYOR,,,Walter Boyd,8
ALAMANCE,12E,CITY OF BURLINGTON COUNCIL MEMBER,,,Bob Byrd,36
ALAMANCE,12E,CITY OF BURLINGTON COUNCIL MEMBER,,,Charlie Beasley,19
ALAMANCE,12E,CITY OF BURLINGTON COUNCIL MEMBER,,,Dejuana Warren Bigelow,61
ALAMANCE,12E,CITY OF BURLINGTON COUNCIL MEMBER,,,Harold Owen,13
ALAMANCE,12E,CITY OF BURLINGTON COUNCIL MEMBER,,,Ronnie Wall,20
ALAMANCE,12E,CITY OF BURLINGTON COUNCIL MEMBER,,,Wendy Jordan,22
ALAMANCE,12N,CITY OF BURLINGTON MAYOR,,,Caleb J. Massey,5
ALAMANCE,12N,CITY OF BURLINGTON MAYOR,,,Donna Vanhook,77
ALAMANCE,12N,CITY OF BURLINGTON MAYOR,,,Ian Baltutis,146
ALAMANCE,12N,CITY OF BURLINGTON MAYOR,,,Jim Butler,16
ALAMANCE,12N,CITY OF BURLINGTON MAYOR,,,Walter Boyd,15
ALAMANCE,12N,CITY OF BURLINGTON COUNCIL MEMBER,,,Bob Byrd,110
ALAMANCE,12N,CITY OF BURLINGTON COUNCIL MEMBER,,,Charlie Beasley,17
ALAMANCE,12N,CITY OF BURLINGTON COUNCIL MEMBER,,,Dejuana Warren Bigelow,207
ALAMANCE,12N,CITY OF BURLINGTON COUNCIL MEMBER,,,Harold Owen,54
ALAMANCE,12N,CITY OF BURLINGTON COUNCIL MEMBER,,,Ronnie Wall,47
ALAMANCE,12N,CITY OF BURLINGTON COUNCIL MEMBER,,,Wendy Jordan,23
ALAMANCE,12S,CITY OF BURLINGTON MAYOR,,,Caleb J. Massey,4
ALAMANCE,12S,CITY OF BURLINGTON MAYOR,,,Donna Vanhook,11
ALAMANCE,12S,CITY OF BURLINGTON MAYOR,,,Ian Baltutis,32
ALAMANCE,12S,CITY OF BURLINGTON MAYOR,,,Jim Butler,19
ALAMANCE,12S,CITY OF BURLINGTON MAYOR,,,Walter Boyd,6
ALAMANCE,12S,CITY OF BURLINGTON COUNCIL MEMBER,,,Bob Byrd,35
ALAMANCE,12S,CITY OF BURLINGTON COUNCIL MEMBER,,,Charlie Beasley,7
ALAMANCE,12S,CITY OF BURLINGTON COUNCIL MEMBER,,,Dejuana Warren Bigelow,40
ALAMANCE,12S,CITY OF BURLINGTON COUNCIL MEMBER,,,Harold Owen,20
ALAMANCE,12S,CITY OF BURLINGTON COUNCIL MEMBER,,,Ronnie Wall,17
ALAMANCE,12S,CITY OF BURLINGTON COUNCIL MEMBER,,,Wendy Jordan,14
ALAMANCE,12W,CITY OF BURLINGTON MAYOR,,,Caleb J. Massey,17
ALAMANCE,12W,CITY OF BURLINGTON MAYOR,,,Donna Vanhook,12
ALAMANCE,12W,CITY OF BURLINGTON MAYOR,,,Ian Baltutis,235
ALAMANCE,12W,CITY OF BURLINGTON MAYOR,,,Jim Butler,152
ALAMANCE,12W,CITY OF BURLINGTON MAYOR,,,Walter Boyd,22
ALAMANCE,12W,CITY OF BURLINGTON COUNCIL MEMBER,,,Bob Byrd,234
ALAMANCE,12W,CITY OF BURLINGTON COUNCIL MEMBER,,,Charlie Beasley,21
ALAMANCE,12W,CITY OF BURLINGTON COUNCIL MEMBER,,,Dejuana Warren Bigelow,223
ALAMANCE,12W,CITY OF BURLINGTON COUNCIL MEMBER,,,Harold Owen,147
ALAMANCE,12W,CITY OF BURLINGTON COUNCIL MEMBER,,,Ronnie Wall,175
ALAMANCE,12W,CITY OF BURLINGTON COUNCIL MEMBER,,,Wendy Jordan,37
CLEVELAND,LATT,CITY OF SHELBY CITY COUNCIL WARD 04,,,Jamie Coulter,0
CLEVELAND,LATT,CITY OF SHELBY CITY COUNCIL WARD 04,,,Maggalean Fatima Mosby Ussery,0
CLEVELAND,LATT,CITY OF SHELBY CITY COUNCIL WARD 04,,,Ric Francis,0
CLEVELAND,LATT,CITY OF SHELBY CITY COUNCIL WARD 04,,,Violet Arth,0
CLEVELAND,S 4A,CITY OF SHELBY CITY COUNCIL WARD 04,,,Jamie Coulter,2
CLEVELAND,S 4A,CITY OF SHELBY CITY COUNCIL WARD 04,,,Maggalean Fatima Mosby Ussery,4
CLEVELAND,S 4A,CITY OF SHELBY CITY COUNCIL WARD 04,,,Ric Francis,10
CLEVELAND,S 4A,CITY OF SHELBY CITY COUNCIL WARD 04,,,Violet Arth,55
CLEVELAND,S 5,CITY OF SHELBY CITY COUNCIL WARD 04,,,Jamie Coulter,1
CLEVELAND,S 5,CITY OF SHELBY CITY COUNCIL WARD 04,,,Maggalean Fatima Mosby Ussery,0
CLEVELAND,S 5,CITY OF SHELBY CITY COUNCIL WARD 04,,,Ric Francis,3
CLEVELAND,S 5,CITY OF SHELBY CITY COUNCIL WARD 04,,,Violet Arth,3
CLEVELAND,S C,CITY OF SHELBY CITY COUNCIL WARD 04,,,Jamie Coulter,14
CLEVELAND,S C,CITY OF SHELBY CITY COUNCIL WARD 04,,,Maggalean Fatima Mosby Ussery,9
CLEVELAND,S C,CITY OF SHELBY CITY COUNCIL WARD 04,,,Ric Francis,61
CLEVELAND,S C,CITY OF SHELBY CITY COUNCIL WARD 04,,,Violet Arth,255
CLEVELAND,S S,CITY OF SHELBY CITY COUNCIL WARD 04,,,Jamie Coulter,4
CLEVELAND,S S,CITY OF SHELBY CITY COUNCIL WARD 04,,,Maggalean Fatima Mosby Ussery,5
CLEVELAND,S S,CITY OF SHELBY CITY COUNCIL WARD 04,,,Ric Francis,9
CLEVELAND,S S,CITY OF SHELBY CITY COUNCIL WARD 04,,,Violet Arth,41
CLEVELAND,SHANGI,CITY OF SHELBY CITY COUNCIL WARD 04,,,Jamie Coulter,0
CLEVELAND,SHANGI,CITY OF SHELBY CITY COUNCIL WARD 04,,,Maggalean Fatima Mosby Ussery,0
CLEVELAND,SHANGI,CITY OF SHELBY CITY COUNCIL WARD 04,,,Ric Francis,3
CLEVELAND,SHANGI,CITY OF SHELBY CITY COUNCIL WARD 04,,,Violet Arth,4
DURHAM,01,CITY OF DURHAM MAYOR,,,Charlitta Burruss,3
DURHAM,01,CITY OF DURHAM MAYOR,,,Daryl Quick,1
DURHAM,01,CITY OF DURHAM MAYOR,,,Elaine O'Neal,67
DURHAM,01,CITY OF DURHAM MAYOR,,,Jahnmaud Lane,4
DURHAM,01,CITY OF DURHAM MAYOR,,,Javiera Caballero,48
DURHAM,01,CITY OF DURHAM MAYOR,,,Rebecca Harvard Barnes,2
DURHAM,01,CITY OF DURHAM MAYOR,,,Sabrina (Bree) Davis,0
DURHAM,01,CITY OF DURHAM CITY COUNCIL WARD I,,,DeDreana Freeman,81
DURHAM,01,CITY OF DURHAM CITY COUNCIL WARD I,,,Elizabeth Takla,4
DURHAM,01,CITY OF DURHAM CITY COUNCIL WARD I,,,Marion T. Johnson,37
DURHAM,01,CITY OF DURHAM CITY COUNCIL WARD I,,,Waldo Fenner,0
DURHAM,01,CITY OF DURHAM CITY COUNCIL WARD II,,,Mark-Anthony Middleton,105
DURHAM,01,CITY OF DURHAM CITY COUNCIL WARD II,,,"Robert L. Curtis, Jr.",7
DURHAM,01,CITY OF DURHAM CITY COUNCIL WARD II,,,Sylvester Williams,8
DURHAM,02,CITY OF DURHAM MAYOR,,,Charlitta Burruss,1
DURHAM,02,CITY OF DURHAM MAYOR,,,Daryl Quick,2
DURHAM,02,CITY OF DURHAM MAYOR,,,Elaine O'Neal,97
DURHAM,02,CITY OF DURHAM MAYOR,,,Jahnmaud Lane,1
DURHAM,02,CITY OF DURHAM MAYOR,,,Javiera Caballero,86
DURHAM,02,CITY OF DURHAM MAYOR,,,Rebecca Harvard Barnes,0
DURHAM,02,CITY OF DURHAM MAYOR,,,Sabrina (Bree) Davis,4
DURHAM,02,CITY OF DURHAM CITY COUNCIL WARD I,,,DeDreana Freeman,97
DURHAM,02,CITY OF DURHAM CITY COUNCIL WARD I,,,Elizabeth Takla,4
DURHAM,02,CITY OF DURHAM CITY COUNCIL WARD I,,,Marion T. Johnson,84
DURHAM,02,CITY OF DURHAM CITY COUNCIL WARD I,,,Waldo Fenner,3
DURHAM,02,CITY OF DURHAM CITY COUNCIL WARD II,,,Mark-Anthony Middleton,151
DURHAM,02,CITY OF DURHAM CITY COUNCIL WARD II,,,"Robert L. Curtis, Jr.",6
DURHAM,02,CITY OF DURHAM CITY COUNCIL WARD II,,,Sylvester Williams,13
DURHAM,03,CITY OF DURHAM MAYOR,,,Charlitta Burruss,0
DURHAM,03,CITY OF DURHAM MAYOR,,,Daryl Quick,1
DURHAM,03,CITY OF DURHAM MAYOR,,,Elaine O'Neal,74
DURHAM,03,CITY OF DURHAM MAYOR,,,Jahnmaud Lane,3
DURHAM,03,CITY OF DURHAM MAYOR,,,Javiera Caballero,142
DURHAM,03,CITY OF DURHAM MAYOR,,,Rebecca Harvard Barnes,2
DURHAM,03,CITY OF DURHAM MAYOR,,,Sabrina (Bree) Davis,5
DURHAM,03,CITY OF DURHAM CITY COUNCIL WARD I,,,DeDreana Freeman,105
DURHAM,03,CITY OF DURHAM CITY COUNCIL WARD I,,,Elizabeth Takla,1
DURHAM,03,CITY OF DURHAM CITY COUNCIL WARD I,,,Marion T. Johnson,117
DURHAM,03,CITY OF DURHAM CITY COUNCIL WARD I,,,Waldo Fenner,2
DURHAM,03,CITY OF DURHAM CITY COUNCIL WARD II,,,Mark-Anthony Middleton,178
DURHAM,03,CITY OF DURHAM CITY COUNCIL WARD II,,,"Robert L. Curtis, Jr.",8
DURHAM,03,CITY OF DURHAM CITY COUNCIL WARD II,,,Sylvester Williams,12
DURHAM,04,CITY OF DURHAM MAYOR,,,Charlitta Burruss,0
DURHAM,04,CITY OF DURHAM MAYOR,,,Daryl Quick,0
DURHAM,04,CITY OF DURHAM MAYOR,,,Elaine O'Neal,153
DURHAM,04,CITY OF DURHAM MAYOR,,,Jahnmaud Lane,2
DURHAM,04,CITY OF DURHAM MAYOR,,,Javiera Caballero,165
DURHAM,04,CITY OF DURHAM MAYOR,,,Rebecca Harvard Barnes,6
DURHAM,04,CITY OF DURHAM MAYOR,,,Sabrina (Bree) Davis,2
DURHAM,04,CITY OF DURHAM CITY COUNCIL WARD I,,,DeDreana Freeman,183
DURHAM,04,CITY OF DURHAM CITY COUNCIL WARD I,,,Elizabeth Takla,2
DURHAM,04,CITY OF DURHAM CITY COUNCIL WARD I,,,Marion T. Johnson,135
DURHAM,04,CITY OF DURHAM CITY COUNCIL WARD I,,,Waldo Fenner,3
DURHAM,04,CITY OF DURHAM CITY COUNCIL WARD II,,,Mark-Anthony Middleton,284
DURHAM,04,CITY OF DURHAM CITY COUNCIL WARD II,,,"Robert L. Curtis, Jr.",9
DURHAM,04,CITY OF DURHAM CITY COUNCIL WARD II,,,Sylvester Williams,11
DURHAM,05,CITY OF DURHAM MAYOR,,,Charlitta Burruss,0
DURHAM,05,CITY OF DURHAM MAYOR,,,Daryl Quick,3
DURHAM,05,CITY OF DURHAM MAYOR,,,Elaine O'Neal,48
DURHAM,05,CITY OF DURHAM MAYOR,,,Jahnmaud Lane,2
DURHAM,05,CITY OF DURHAM MAYOR,,,Javiera Caballero,12
DURHAM,05,CITY OF DURHAM MAYOR,,,Rebecca Harvard Barnes,1
DURHAM,05,CITY OF DURHAM MAYOR,,,Sabrina (Bree) Davis,3
DURHAM,05,CITY OF DURHAM CITY COUNCIL WARD I,,,DeDreana Freeman,41
DURHAM,05,CITY OF DURHAM CITY COUNCIL WARD I,,,Elizabeth Takla,2
DURHAM,05,CITY OF DURHAM CITY COUNCIL WARD I,,,Marion T. Johnson,24
DURHAM,05,CITY OF DURHAM CITY COUNCIL WARD I,,,Waldo Fenner,0
DURHAM,05,CITY OF DURHAM CITY COUNCIL WARD II,,,Mark-Anthony Middleton,47
DURHAM,05,CITY OF DURHAM CITY COUNCIL WARD II,,,"Robert L. Curtis, Jr.",8
DURHAM,05,CITY OF DURHAM CITY COUNCIL WARD II,,,Sylvester Williams,10
DURHAM,06,CITY OF DURHAM MAYOR,,,Charlitta Burruss,0
DURHAM,06,CITY OF DURHAM MAYOR,,,Daryl Quick,1
DURHAM,06,CITY OF DURHAM MAYOR,,,Elaine O'Neal,128
DURHAM,06,CITY OF DURHAM MAYOR,,,Jahnmaud Lane,1
DURHAM,06,CITY OF DURHAM MAYOR,,,Javiera Caballero,78
DURHAM,06,CITY OF DURHAM MAYOR,,,Rebecca Harvard Barnes,6
DURHAM,06,CITY OF DURHAM MAYOR,,,Sabrina (Bree) Davis,3
DURHAM,06,CITY OF DURHAM CITY COUNCIL WARD I,,,DeDreana Freeman,129
DURHAM,06,CITY OF DURHAM CITY COUNCIL WARD I,,,Elizabeth Takla,3
DURHAM,06,CITY OF DURHAM CITY COUNCIL WARD I,,,Marion T. Johnson,73
DURHAM,06,CITY OF DURHAM CITY COUNCIL WARD I,,,Waldo Fenner,1
DURHAM,06,CITY OF DURHAM CITY COUNCIL WARD II,,,Mark-Anthony Middleton,182
DURHAM,06,CITY OF DURHAM CITY COUNCIL WARD II,,,"Robert L. Curtis, Jr.",6
DURHAM,06,CITY OF DURHAM CITY COUNCIL WARD II,,,Sylvester Williams,15
DURHAM,07,CITY OF DURHAM MAYOR,,,Charlitta Burruss,1
DURHAM,07,CITY OF DURHAM MAYOR,,,Daryl Quick,1
DURHAM,07,CITY OF DURHAM MAYOR,,,Elaine O'Neal,89
DURHAM,07,CITY OF DURHAM MAYOR,,,Jahnmaud Lane,0
DURHAM,07,CITY OF DURHAM MAYOR,,,Javiera Caballero,58
DURHAM,07,CITY OF DURHAM MAYOR,,,Rebecca Harvard Barnes,3
DURHAM,07,CITY OF DURHAM MAYOR,,,Sabrina (Bree) Davis,0
DURHAM,07,CITY OF DURHAM CITY COUNCIL WARD I,,,DeDreana Freeman,97
DURHAM,07,CITY OF DURHAM CITY COUNCIL WARD I,,,Elizabeth Takla,2
DURHAM,07,CITY OF DURHAM CITY COUNCIL WARD I,,,Marion T. Johnson,50
DURHAM,07,CITY OF DURHAM CITY COUNCIL WARD I,,,Waldo Fenner,1
DURHAM,07,CITY OF DURHAM CITY COUNCIL WARD II,,,Mark-Anthony Middleton,132
DURHAM,07,CITY OF DURHAM CITY COUNCIL WARD II,,,"Robert L. Curtis, Jr.",3
DURHAM,07,CITY OF DURHAM CITY COUNCIL WARD II,,,Sylvester Williams,4
DURHAM,08,CITY OF DURHAM MAYOR,,,Charlitta Burruss,1
DURHAM,08,CITY OF DURHAM MAYOR,,,Daryl Quick,1
DURHAM,08,CITY OF DURHAM MAYOR,,,Elaine O'Neal,135
DURHAM,08,CITY OF DURHAM MAYOR,,,Jahnmaud Lane,5
DURHAM,08,CITY OF DURHAM MAYOR,,,Javiera Caballero,81
DURHAM,08,CITY OF DURHAM MAYOR,,,Rebecca Harvard Barnes,2
DURHAM,08,CITY OF DURHAM MAYOR,,,Sabrina (Bree) Davis,0
DURHAM,08,CITY OF DURHAM CITY COUNCIL WARD I,,,DeDreana Freeman,112
DURHAM,08,CITY OF DURHAM CITY COUNCIL WARD I,,,Elizabeth Takla,5
DURHAM,08,CITY OF DURHAM CITY COUNCIL WARD I,,,Marion T. Johnson,103
DURHAM,08,CITY OF DURHAM CITY COUNCIL WARD I,,,Waldo Fenner,0
DURHAM,08,CITY OF DURHAM CITY COUNCIL WARD II,,,Mark-Anthony Middleton,182
DURHAM,08,CITY OF DURHAM CITY COUNCIL WARD II,,,"Robert L. Curtis, Jr.",12
DURHAM,08,CITY OF DURHAM CITY COUNCIL WARD II,,,Sylvester Williams,11
DURHAM,09,CITY OF DURHAM MAYOR,,,Charlitta Burruss,1
DURHAM,09,CITY OF DURHAM MAYOR,,,Daryl Quick,3
DURHAM,09,CITY OF DURHAM MAYOR,,,Elaine O'Neal,238
DURHAM,09,CITY OF DURHAM MAYOR,,,Jahnmaud Lane,2
DURHAM,09,CITY OF DURHAM MAYOR,,,Javiera Caballero,104
DURHAM,09,CITY OF DURHAM MAYOR,,,Rebecca Harvard Barnes,9
DURHAM,09,CITY OF DURHAM MAYOR,,,Sabrina (Bree) Davis,1
DURHAM,09,CITY OF DURHAM CITY COUNCIL WARD I,,,DeDreana Freeman,244
DURHAM,09,CITY OF DURHAM CITY COUNCIL WARD I,,,Elizabeth Takla,8
DURHAM,09,CITY OF DURHAM CITY COUNCIL WARD I,,,Marion T. Johnson,96
DURHAM,09,CITY OF DURHAM CITY COUNCIL WARD I,,,Waldo Fenner,2
DURHAM,09,CITY OF DURHAM CITY COUNCIL WARD II,,,Mark-Anthony Middleton,292
DURHAM,09,CITY OF DURHAM CITY COUNCIL WARD II,,,"Robert L. Curtis, Jr.",18
DURHAM,09,CITY OF DURHAM CITY COUNCIL WARD II,,,Sylvester Williams,24
DURHAM,10,CITY OF DURHAM MAYOR,,,Charlitta Burruss,0
DURHAM,10,CITY OF DURHAM MAYOR,,,Daryl Quick,4
DURHAM,10,CITY OF DURHAM MAYOR,,,Elaine O'Neal,57
DURHAM,10,CITY OF DURHAM MAYOR,,,Jahnmaud Lane,0
DURHAM,10,CITY OF DURHAM MAYOR,,,Javiera Caballero,24
DURHAM,10,CITY OF DURHAM MAYOR,,,Rebecca Harvard Barnes,2
DURHAM,10,CITY OF DURHAM MAYOR,,,Sabrina (Bree) Davis,1
DURHAM,10,CITY OF DURHAM CITY COUNCIL WARD I,,,DeDreana Freeman,51
DURHAM,10,CITY OF DURHAM CITY COUNCIL WARD I,,,Elizabeth Takla,2
DURHAM,10,CITY OF DURHAM CITY COUNCIL WARD I,,,Marion T. Johnson,35
DURHAM,10,CITY OF DURHAM CITY COUNCIL WARD I,,,Waldo Fenner,0
DURHAM,10,CITY OF DURHAM CITY COUNCIL WARD II,,,Mark-Anthony Middleton,64
DURHAM,10,CITY OF DURHAM CITY COUNCIL WARD II,,,"Robert L. Curtis, Jr.",9
DURHAM,10,CITY OF DURHAM CITY COUNCIL WARD II,,,Sylvester Williams,10
DURHAM,12,CITY OF DURHAM MAYOR,,,Charlitta Burruss,1
DURHAM,12,CITY OF DURHAM MAYOR,,,Daryl Quick,0
DURHAM,12,CITY OF DURHAM MAYOR,,,Elaine O'Neal,44
DURHAM,12,CITY OF DURHAM MAYOR,,,Jahnmaud Lane,0
DURHAM,12,CITY OF DURHAM MAYOR,,,Javiera Caballero,4
DURHAM,12,CITY OF DURHAM MAYOR,,,Rebecca Harvard Barnes,0
DURHAM,12,CITY OF DURHAM MAYOR,,,Sabrina (Bree) Davis,1
DURHAM,12,CITY OF DURHAM CITY COUNCIL WARD I,,,DeDreana Freeman,40
DURHAM,12,CITY OF DURHAM CITY COUNCIL WARD I,,,Elizabeth Takla,0
DURHAM,12,CITY OF DURHAM CITY COUNCIL WARD I,,,Marion T. Johnson,10
DURHAM,12,CITY OF DURHAM CITY COUNCIL WARD I,,,Waldo Fenner,0
DURHAM,12,CITY OF DURHAM CITY COUNCIL WARD II,,,Mark-Anthony Middleton,41
DURHAM,12,CITY OF DURHAM CITY COUNCIL WARD II,,,"Robert L. Curtis, Jr.",1
DURHAM,12,CITY OF DURHAM CITY COUNCIL WARD II,,,Sylvester Williams,6
DURHAM,13,CITY OF DURHAM MAYOR,,,Charlitta Burruss,1
DURHAM,13,CITY OF DURHAM MAYOR,,,Daryl Quick,1
DURHAM,13,CITY OF DURHAM MAYOR,,,Elaine O'Neal,16
DURHAM,13,CITY OF DURHAM MAYOR,,,Jahnmaud Lane,0
DURHAM,13,CITY OF DURHAM MAYOR,,,Javiera Caballero,1
DURHAM,13,CITY OF DURHAM MAYOR,,,Rebecca Harvard Barnes,1
DURHAM,13,CITY OF DURHAM MAYOR,,,Sabrina (Bree) Davis,0
DURHAM,13,CITY OF DURHAM CITY COUNCIL WARD I,,,DeDreana Freeman,17
DURHAM,13,CITY OF DURHAM CITY COUNCIL WARD I,,,Elizabeth Takla,0
DURHAM,13,CITY OF DURHAM CITY COUNCIL WARD I,,,Marion T. Johnson,3
DURHAM,13,CITY OF DURHAM CITY COUNCIL WARD I,,,Waldo Fenner,0
DURHAM,13,CITY OF DURHAM CITY COUNCIL WARD II,,,Mark-Anthony Middleton,15
DURHAM,13,CITY OF DURHAM CITY COUNCIL WARD II,,,"Robert L. Curtis, Jr.",2
DURHAM,13,CITY OF DURHAM CITY COUNCIL WARD II,,,Sylvester Williams,3
DURHAM,14,CITY OF DURHAM MAYOR,,,Charlitta Burruss,0
DURHAM,14,CITY OF DURHAM MAYOR,,,Daryl Quick,1
DURHAM,14,CITY OF DURHAM MAYOR,,,Elaine O'Neal,82
DURHAM,14,CITY OF DURHAM MAYOR,,,Jahnmaud Lane,0
DURHAM,14,CITY OF DURHAM MAYOR,,,Javiera Caballero,19
DURHAM,14,CITY OF DURHAM MAYOR,,,Rebecca Harvard Barnes,2
DURHAM,14,CITY OF DURHAM MAYOR,,,Sabrina (Bree) Davis,1
DURHAM,14,CITY OF DURHAM CITY COUNCIL WARD I,,,DeDreana Freeman,78
DURHAM,14,CITY OF DURHAM CITY COUNCIL WARD I,,,Elizabeth Takla,3
DURHAM,14,CITY OF DURHAM CITY COUNCIL WARD I,,,Marion T. Johnson,18
DURHAM,14,CITY OF DURHAM CITY COUNCIL WARD I,,,Waldo Fenner,3
DURHAM,14,CITY OF DURHAM CITY COUNCIL WARD II,,,Mark-Anthony Middleton,64
DURHAM,14,CITY OF DURHAM CITY COUNCIL WARD II,,,"Robert L. Curtis, Jr.",9
DURHAM,14,CITY OF DURHAM CITY COUNCIL WARD II,,,Sylvester Williams,29
DURHAM,15,CITY OF DURHAM MAYOR,,,Charlitta Burruss,0
DURHAM,15,CITY OF DURHAM MAYOR,,,Daryl Quick,1
DURHAM,15,CITY OF DURHAM MAYOR,,,Elaine O'Neal,59
DURHAM,15,CITY OF DURHAM MAYOR,,,Jahnmaud Lane,2
DURHAM,15,CITY OF DURHAM MAYOR,,,Javiera Caballero,15
DURHAM,15,CITY OF DURHAM MAYOR,,,Rebecca Harvard Barnes,1
DURHAM,15,CITY OF DURHAM MAYOR,,,Sabrina (Bree) Davis,1
DURHAM,15,CITY OF DURHAM CITY COUNCIL WARD I,,,DeDreana Freeman,54
DURHAM,15,CITY OF DURHAM CITY COUNCIL WARD I,,,Elizabeth Takla,3
DURHAM,15,CITY OF DURHAM CITY COUNCIL WARD I,,,Marion T. Johnson,21
DURHAM,15,CITY OF DURHAM CITY COUNCIL WARD I,,,Waldo Fenner,0
DURHAM,15,CITY OF DURHAM CITY COUNCIL WARD II,,,Mark-Anthony Middleton,57
DURHAM,15,CITY OF DURHAM CITY COUNCIL WARD II,,,"Robert L. Curtis, Jr.",3
DURHAM,15,CITY OF DURHAM CITY COUNCIL WARD II,,,Sylvester Williams,11
DURHAM,16,CITY OF DURHAM MAYOR,,,Charlitta Burruss,2
DURHAM,16,CITY OF DURHAM MAYOR,,,Daryl Quick,0
DURHAM,16,CITY OF DURHAM MAYOR,,,Elaine O'Neal,97
DURHAM,16,CITY OF DURHAM MAYOR,,,Jahnmaud Lane,7
DURHAM,16,CITY OF DURHAM MAYOR,,,Javiera Caballero,27
DURHAM,16,CITY OF DURHAM MAYOR,,,Rebecca Harvard Barnes,2
DURHAM,16,CITY OF DURHAM MAYOR,,,Sabrina (Bree) Davis,4
DURHAM,16,CITY OF DURHAM CITY COUNCIL WARD I,,,DeDreana Freeman,79
DURHAM,16,CITY OF DURHAM CITY COUNCIL WARD I,,,Elizabeth Takla,8
DURHAM,16,CITY OF DURHAM CITY COUNCIL WARD I,,,Marion T. Johnson,33
DURHAM,16,CITY OF DURHAM CITY COUNCIL WARD I,,,Waldo Fenner,8
DURHAM,16,CITY OF DURHAM CITY COUNCIL WARD II,,,Mark-Anthony Middleton,107
DURHAM,16,CITY OF DURHAM CITY COUNCIL WARD II,,,"Robert L. Curtis, Jr.",6
DURHAM,16,CITY OF DURHAM CITY COUNCIL WARD II,,,Sylvester Williams,9
DURHAM,17,CITY OF DURHAM MAYOR,,,Charlitta Burruss,0
DURHAM,17,CITY OF DURHAM MAYOR,,,Daryl Quick,3
DURHAM,17,CITY OF DURHAM MAYOR,,,Elaine O'Neal,101
DURHAM,17,CITY OF DURHAM MAYOR,,,Jahnmaud Lane,5
DURHAM,17,CITY OF DURHAM MAYOR,,,Javiera Caballero,68
DURHAM,17,CITY OF DURHAM MAYOR,,,Rebecca Harvard Barnes,3
DURHAM,17,CITY OF DURHAM MAYOR,,,Sabrina (Bree) Davis,6
DURHAM,17,CITY OF DURHAM CITY COUNCIL WARD I,,,DeDreana Freeman,100
DURHAM,17,CITY OF DURHAM CITY COUNCIL WARD I,,,Elizabeth Takla,1
DURHAM,17,CITY OF DURHAM CITY COUNCIL WARD I,,,Marion T. Johnson,80
DURHAM,17,CITY OF DURHAM CITY COUNCIL WARD I,,,Waldo Fenner,2
DURHAM,17,CITY OF DURHAM CITY COUNCIL WARD II,,,Mark-Anthony Middleton,145
DURHAM,17,CITY OF DURHAM CITY COUNCIL WARD II,,,"Robert L. Curtis, Jr.",9
DURHAM,17,CITY OF DURHAM CITY COUNCIL WARD II,,,Sylvester Williams,13
DURHAM,18,CITY OF DURHAM MAYOR,,,Charlitta Burruss,1
DURHAM,18,CITY OF DURHAM MAYOR,,,Daryl Quick,0
DURHAM,18,CITY OF DURHAM MAYOR,,,Elaine O'Neal,62
DURHAM,18,CITY OF DURHAM MAYOR,,,Jahnmaud Lane,1
DURHAM,18,CITY OF DURHAM MAYOR,,,Javiera Caballero,10
DURHAM,18,CITY OF DURHAM MAYOR,,,Rebecca Harvard Barnes,0
DURHAM,18,CITY OF DURHAM MAYOR,,,Sabrina (Bree) Davis,1
DURHAM,18,CITY OF DURHAM CITY COUNCIL WARD I,,,DeDreana Freeman,62
DURHAM,18,CITY OF DURHAM CITY COUNCIL WARD I,,,Elizabeth Takla,0
DURHAM,18,CITY OF DURHAM CITY COUNCIL WARD I,,,Marion T. Johnson,11
DURHAM,18,CITY OF DURHAM CITY COUNCIL WARD I,,,Waldo Fenner,1
DURHAM,18,CITY OF DURHAM CITY COUNCIL WARD II,,,Mark-Anthony Middleton,61
DURHAM,18,CITY OF DURHAM CITY COUNCIL WARD II,,,"Robert L. Curtis, Jr.",2
DURHAM,18,CITY OF DURHAM CITY COUNCIL WARD II,,,Sylvester Williams,8
DURHAM,19,CITY OF DURHAM MAYOR,,,Charlitta Burruss,1
DURHAM,19,CITY OF DURHAM MAYOR,,,Daryl Quick,1
DURHAM,19,CITY OF DURHAM MAYOR,,,Elaine O'Neal,115
DURHAM,19,CITY OF DURHAM MAYOR,,,Jahnmaud Lane,5
DURHAM,19,CITY OF DURHAM MAYOR,,,Javiera Caballero,62
DURHAM,19,CITY OF DURHAM MAYOR,,,Rebecca Harvard Barnes,5
DURHAM,19,CITY OF DURHAM MAYOR,,,Sabrina (Bree) Davis,4
DURHAM,19,CITY OF DURHAM CITY COUNCIL WARD I,,,DeDreana Freeman,101
DURHAM,19,CITY OF DURHAM CITY COUNCIL WARD I,,,Elizabeth Takla,4
DURHAM,19,CITY OF DURHAM CITY COUNCIL WARD I,,,Marion T. Johnson,76
DURHAM,19,CITY OF DURHAM CITY COUNCIL WARD I,,,Waldo Fenner,2
DURHAM,19,CITY OF DURHAM CITY COUNCIL WARD II,,,Mark-Anthony Middleton,142
DURHAM,19,CITY OF DURHAM CITY COUNCIL WARD II,,,"Robert L. Curtis, Jr.",10
DURHAM,19,CITY OF DURHAM CITY COUNCIL WARD II,,,Sylvester Williams,32
DURHAM,20,CITY OF DURHAM MAYOR,,,Charlitta Burruss,2
DURHAM,20,CITY OF DURHAM MAYOR,,,Daryl Quick,0
DURHAM,20,CITY OF DURHAM MAYOR,,,Elaine O'Neal,125
DURHAM,20,CITY OF DURHAM MAYOR,,,Jahnmaud Lane,0
DURHAM,20,CITY OF DURHAM MAYOR,,,Javiera Caballero,123
DURHAM,20,CITY OF DURHAM MAYOR,,,Rebecca Harvard Barnes,2
DURHAM,20,CITY OF DURHAM MAYOR,,,Sabrina (Bree) Davis,1
DURHAM,20,CITY OF DURHAM CITY COUNCIL WARD I,,,DeDreana Freeman,124
DURHAM,20,CITY OF DURHAM CITY COUNCIL WARD I,,,Elizabeth Takla,2
DURHAM,20,CITY OF DURHAM CITY COUNCIL WARD I,,,Marion T. Johnson,123
DURHAM,20,CITY OF DURHAM CITY COUNCIL WARD I,,,Waldo Fenner,0
DURHAM,20,CITY OF DURHAM CITY COUNCIL WARD II,,,Mark-Anthony Middleton,220
DURHAM,20,CITY OF DURHAM CITY COUNCIL WARD II,,,"Robert L. Curtis, Jr.",4
DURHAM,20,CITY OF DURHAM CITY COUNCIL WARD II,,,Sylvester Williams,10
DURHAM,21,CITY OF DURHAM MAYOR,,,Charlitta Burruss,4
DURHAM,21,CITY OF DURHAM MAYOR,,,Daryl Quick,2
DURHAM,21,CITY OF DURHAM MAYOR,,,Elaine O'Neal,141
DURHAM,21,CITY OF DURHAM MAYOR,,,Jahnmaud Lane,9
DURHAM,21,CITY OF DURHAM MAYOR,,,Javiera Caballero,121
DURHAM,21,CITY OF DURHAM MAYOR,,,Rebecca Harvard Barnes,2
DURHAM,21,CITY OF DURHAM MAYOR,,,Sabrina (Bree) Davis,1
DURHAM,21,CITY OF DURHAM CITY COUNCIL WARD I,,,DeDreana Freeman,142
DURHAM,21,CITY OF DURHAM CITY COUNCIL WARD I,,,Elizabeth Takla,7
DURHAM,21,CITY OF DURHAM CITY COUNCIL WARD I,,,Marion T. Johnson,118
DURHAM,21,CITY OF DURHAM CITY COUNCIL WARD I,,,Waldo Fenner,4
DURHAM,21,CITY OF DURHAM CITY COUNCIL WARD II,,,Mark-Anthony Middleton,213
DURHAM,21,CITY OF DURHAM CITY COUNCIL WARD II,,,"Robert L. Curtis, Jr.",13
DURHAM,21,CITY OF DURHAM CITY COUNCIL WARD II,,,Sylvester Williams,23
DURHAM,22,CITY OF DURHAM MAYOR,,,Charlitta Burruss,0
DURHAM,22,CITY OF DURHAM MAYOR,,,Daryl Quick,1
DURHAM,22,CITY OF DURHAM MAYOR,,,Elaine O'Neal,144
DURHAM,22,CITY OF DURHAM MAYOR,,,Jahnmaud Lane,1
DURHAM,22,CITY OF DURHAM MAYOR,,,Javiera Caballero,37
DURHAM,22,CITY OF DURHAM MAYOR,,,Rebecca Harvard Barnes,2
DURHAM,22,CITY OF DURHAM MAYOR,,,Sabrina (Bree) Davis,6
DURHAM,22,CITY OF DURHAM CITY COUNCIL WARD I,,,DeDreana Freeman,126
DURHAM,22,CITY OF DURHAM CITY COUNCIL WARD I,,,Elizabeth Takla,3
DURHAM,22,CITY OF DURHAM CITY COUNCIL WARD I,,,Marion T. Johnson,54
DURHAM,22,CITY OF DURHAM CITY COUNCIL WARD I,,,Waldo Fenner,3
DURHAM,22,CITY OF DURHAM CITY COUNCIL WARD II,,,Mark-Anthony Middleton,137
DURHAM,22,CITY OF DURHAM CITY COUNCIL WARD II,,,"Robert L. Curtis, Jr.",12
DURHAM,22,CITY OF DURHAM CITY COUNCIL WARD II,,,Sylvester Williams,32
DURHAM,23,CITY OF DURHAM MAYOR,,,Charlitta Burruss,4
DURHAM,23,CITY OF DURHAM MAYOR,,,Daryl Quick,6
DURHAM,23,CITY OF DURHAM MAYOR,,,Elaine O'Neal,256
DURHAM,23,CITY OF DURHAM MAYOR,,,Jahnmaud Lane,6
DURHAM,23,CITY OF DURHAM MAYOR,,,Javiera Caballero,26
DURHAM,23,CITY OF DURHAM MAYOR,,,Rebecca Harvard Barnes,3
DURHAM,23,CITY OF DURHAM MAYOR,,,Sabrina (Bree) Davis,1
DURHAM,23,CITY OF DURHAM CITY COUNCIL WARD I,,,DeDreana Freeman,256
DURHAM,23,CITY OF DURHAM CITY COUNCIL WARD I,,,Elizabeth Takla,8
DURHAM,23,CITY OF DURHAM CITY COUNCIL WARD I,,,Marion T. Johnson,34
DURHAM,23,CITY OF DURHAM CITY COUNCIL WARD I,,,Waldo Fenner,3
DURHAM,23,CITY OF DURHAM CITY COUNCIL WARD II,,,Mark-Anthony Middleton,254
DURHAM,23,CITY OF DURHAM CITY COUNCIL WARD II,,,"Robert L. Curtis, Jr.",15
DURHAM,23,CITY OF DURHAM CITY COUNCIL WARD II,,,Sylvester Williams,28
DURHAM,24,CITY OF DURHAM MAYOR,,,Charlitta Burruss,4
DURHAM,24,CITY OF DURHAM MAYOR,,,Daryl Quick,2
DURHAM,24,CITY OF DURHAM MAYOR,,,Elaine O'Neal,118
DURHAM,ONE STOP NRL,CITY OF DURHAM MAYOR,,,Daryl Quick,13
DURHAM,ONE STOP NRL,CITY OF DURHAM MAYOR,,,Elaine O'Neal,989
DURHAM,ONE STOP NRL,CITY OF DURHAM MAYOR,,,Jahnmaud Lane,31
DURHAM,ONE STOP NRL,CITY OF DURHAM MAYOR,,,Javiera Caballero,266
DURHAM,ONE STOP NRL,CITY OF DURHAM MAYOR,,,Rebecca Harvard Barnes,23
DURHAM,ONE STOP NRL,CITY OF DURHAM MAYOR,,,Sabrina (Bree) Davis,17
DURHAM,ONE STOP NRL,CITY OF DURHAM CITY COUNCIL WARD I,,,DeDreana Freeman,947
DURHAM,ONE STOP NRL,CITY OF DURHAM CITY COUNCIL WARD I,,,Elizabeth Takla,36
DURHAM,ONE STOP NRL,CITY OF DURHAM CITY COUNCIL WARD I,,,Marion T. Johnson,331
DURHAM,ONE STOP NRL,CITY OF DURHAM CITY COUNCIL WARD I,,,Waldo Fenner,18
DURHAM,ONE STOP NRL,CITY OF DURHAM CITY COUNCIL WARD II,,,Mark-Anthony Middleton,1115
DURHAM,ONE STOP NRL,CITY OF DURHAM CITY COUNCIL WARD II,,,"Robert L. Curtis, Jr.",65
DURHAM,ONE STOP NRL,CITY OF DURHAM CITY COUNCIL WARD II,,,Sylvester Williams,104
DURHAM,ONE STOP SRL,CITY OF DURHAM MAYOR,,,Charlitta Burruss,9
DURHAM,ONE STOP SRL,CITY OF DURHAM MAYOR,,,Daryl Quick,24
DURHAM,ONE STOP SRL,CITY OF DURHAM MAYOR,,,Elaine O'Neal,1911
DURHAM,ONE STOP SRL,CITY OF DURHAM MAYOR,,,Jahnmaud Lane,51
DURHAM,ONE STOP SRL,CITY OF DURHAM MAYOR,,,Javiera Caballero,499
DURHAM,ONE STOP SRL,CITY OF DURHAM MAYOR,,,Rebecca Harvard Barnes,29
DURHAM,ONE STOP SRL,CITY OF DURHAM MAYOR,,,Sabrina (Bree) Davis,14
DURHAM,ONE STOP SRL,CITY OF DURHAM CITY COUNCIL WARD I,,,DeDreana Freeman,1845
DURHAM,ONE STOP SRL,CITY OF DURHAM CITY COUNCIL WARD I,,,Elizabeth Takla,36
DURHAM,ONE STOP SRL,CITY OF DURHAM CITY COUNCIL WARD I,,,Marion T. Johnson,541
DURHAM,ONE STOP SRL,CITY OF DURHAM CITY COUNCIL WARD I,,,Waldo Fenner,39
DURHAM,ONE STOP SRL,CITY OF DURHAM CITY COUNCIL WARD II,,,Mark-Anthony Middleton,2203
DURHAM,ONE STOP SRL,CITY OF DURHAM CITY COUNCIL WARD II,,,"Robert L. Curtis, Jr.",82
DURHAM,ONE STOP SRL,CITY OF DURHAM CITY COUNCIL WARD II,,,Sylvester Williams,187
DURHAM,PROV,CITY OF DURHAM MAYOR,,,Charlitta Burruss,1
DURHAM,PROV,CITY OF DURHAM MAYOR,,,Daryl Quick,5
DURHAM,PROV,CITY OF DURHAM MAYOR,,,Elaine O'Neal,69
DURHAM,PROV,CITY OF DURHAM MAYOR,,,Jahnmaud Lane,7
DURHAM,PROV,CITY OF DURHAM MAYOR,,,Javiera Caballero,21
DURHAM,PROV,CITY OF DURHAM MAYOR,,,Rebecca Harvard Barnes,1
DURHAM,PROV,CITY OF DURHAM MAYOR,,,Sabrina (Bree) Davis,3
DURHAM,PROV,CITY OF DURHAM CITY COUNCIL WARD I,,,DeDreana Freeman,62
DURHAM,PROV,CITY OF DURHAM CITY COUNCIL WARD I,,,Elizabeth Takla,7
DURHAM,PROV,CITY OF DURHAM CITY COUNCIL WARD I,,,Marion T. Johnson,29
DURHAM,PROV,CITY OF DURHAM CITY COUNCIL WARD I,,,Waldo Fenner,5
DURHAM,PROV,CITY OF DURHAM CITY COUNCIL WARD II,,,Mark-Anthony Middleton,69
DURHAM,PROV,CITY OF DURHAM CITY COUNCIL WARD II,,,"Robert L. Curtis, Jr.",12
DURHAM,PROV,CITY OF DURHAM CITY COUNCIL WARD II,,,Sylvester Williams,17
DURHAM,TRANSFER,CITY OF DURHAM MAYOR,,,Charlitta Burruss,0
DURHAM,TRANSFER,CITY OF DURHAM MAYOR,,,Daryl Quick,0
DURHAM,TRANSFER,CITY OF DURHAM MAYOR,,,Elaine O'Neal,0
DURHAM,TRANSFER,CITY OF DURHAM MAYOR,,,Jahnmaud Lane,0
DURHAM,TRANSFER,CITY OF DURHAM MAYOR,,,Javiera Caballero,0
DURHAM,TRANSFER,CITY OF DURHAM MAYOR,,,Rebecca Harvard Barnes,0
DURHAM,TRANSFER,CITY OF DURHAM MAYOR,,,Sabrina (Bree) Davis,0
DURHAM,TRANSFER,CITY OF DURHAM CITY COUNCIL WARD I,,,DeDreana Freeman,0
DURHAM,TRANSFER,CITY OF DURHAM CITY COUNCIL WARD I,,,Elizabeth Takla,0
DURHAM,TRANSFER,CITY OF DURHAM CITY COUNCIL WARD I,,,Marion T. Johnson,0
DURHAM,TRANSFER,CITY OF DURHAM CITY COUNCIL WARD I,,,Waldo Fenner,0
DURHAM,TRANSFER,CITY OF DURHAM CITY COUNCIL WARD II,,,Mark-Anthony Middleton,0
DURHAM,TRANSFER,CITY OF DURHAM CITY COUNCIL WARD II,,,"Robert L. Curtis, Jr.",0
DURHAM,TRANSFER,CITY OF DURHAM CITY COUNCIL WARD II,,,Sylvester Williams,0
GUILFORD,ABSENTEE,TOWN OF JAMESTOWN MAYOR,,,Lynn Montgomery,0
GUILFORD,ABSENTEE,TOWN OF JAMESTOWN MAYOR,,,Michael Young,0
GUILFORD,ABSENTEE,TOWN OF JAMESTOWN MAYOR,,,Robert Edward Frederick,0
GUILFORD,ABSENTEE,CITY OF BURLINGTON MAYOR,,,Caleb J. Massey,0
GUILFORD,ABSENTEE,CITY OF BURLINGTON MAYOR,,,Donna Vanhook,0
GUILFORD,ABSENTEE,CITY OF BURLINGTON MAYOR,,,Ian Baltutis,0
GUILFORD,ABSENTEE,CITY OF BURLINGTON MAYOR,,,Jim Butler,0
GUILFORD,ABSENTEE,CITY OF BURLINGTON MAYOR,,,Walter Boyd,0
GUILFORD,ABSENTEE,CITY OF BURLINGTON COUNCIL MEMBER,,,Bob Byrd,0
GUILFORD,ABSENTEE,CITY OF BURLINGTON COUNCIL MEMBER,,,Charlie Beasley,0
GUILFORD,ABSENTEE,CITY OF BURLINGTON COUNCIL MEMBER,,,Dejuana Warren Bigelow,0
GUILFORD,ABSENTEE,CITY OF BURLINGTON COUNCIL MEMBER,,,Harold Owen,0
GUILFORD,ABSENTEE,CITY OF BURLINGTON COUNCIL MEMBER,,,Ronnie Wall,0
GUILFORD,ABSENTEE,CITY OF BURLINGTON COUNCIL MEMBER,,,Wendy Jordan,0
GUILFORD,GIB,CITY OF BURLINGTON MAYOR,,,Caleb J. Massey,0
GUILFORD,GIB,CITY OF BURLINGTON MAYOR,,,Donna Vanhook,0
GUILFORD,GIB,CITY OF BURLINGTON MAYOR,,,Ian Baltutis,0
GUILFORD,GIB,CITY OF BURLINGTON MAYOR,,,Jim Butler,0
GUILFORD,GIB,CITY OF BURLINGTON MAYOR,,,Walter Boyd,0
GUILFORD,GIB,CITY OF BURLINGTON COUNCIL MEMBER,,,Bob Byrd,0
GUILFORD,GIB,CITY OF BURLINGTON COUNCIL MEMBER,,,Charlie Beasley,0
GUILFORD,GIB,CITY OF BURLINGTON COUNCIL MEMBER,,,Dejuana Warren Bigelow,0
GUILFORD,GIB,CITY OF BURLINGTON COUNCIL MEMBER,,,Harold Owen,0
GUILFORD,GIB,CITY OF BURLINGTON COUNCIL MEMBER,,,Ronnie Wall,0
GUILFORD,GIB,CITY OF BURLINGTON COUNCIL MEMBER,,,Wendy Jordan,0
GUILFORD,JAM1,TOWN OF JAMESTOWN MAYOR,,,Lynn Montgomery,205
GUILFORD,JAM1,TOWN OF JAMESTOWN MAYOR,,,Michael Young,3
GUILFORD,JAM1,TOWN OF JAMESTOWN MAYOR,,,Robert Edward Frederick,52
GUILFORD,JAM2,TOWN OF JAMESTOWN MAYOR,,,Lynn Montgomery,8
GUILFORD,JAM2,TOWN OF JAMESTOWN MAYOR,,,Michael Young,0
GUILFORD,JAM2,TOWN OF JAMESTOWN MAYOR,,,Robert Edward Frederick,13
GUILFORD,JAM4,TOWN OF JAMESTOWN MAYOR,,,Lynn Montgomery,0
GUILFORD,JAM4,TOWN OF JAMESTOWN MAYOR,,,Michael Young,0
GUILFORD,JAM4,TOWN OF JAMESTOWN MAYOR,,,Robert Edward Frederick,0
GUILFORD,ONESTOP,TOWN OF JAMESTOWN MAYOR,,,Lynn Montgomery,5
GUILFORD,ONESTOP,TOWN OF JAMESTOWN MAYOR,,,Michael Young,0
GUILFORD,ONESTOP,TOWN OF JAMESTOWN MAYOR,,,Robert Edward Frederick,1
GUILFORD,ONESTOP,CITY OF BURLINGTON MAYOR,,,Caleb J. Massey,0
GUILFORD,ONESTOP,CITY OF BURLINGTON MAYOR,,,Donna Vanhook,2
GUILFORD,ONESTOP,CITY OF BURLINGTON MAYOR,,,Ian Baltutis,2
GUILFORD,ONESTOP,CITY OF BURLINGTON MAYOR,,,Jim Butler,0
GUILFORD,ONESTOP,CITY OF BURLINGTON MAYOR,,,Walter Boyd,0
GUILFORD,ONESTOP,CITY OF BURLINGTON COUNCIL MEMBER,,,Bob Byrd,1
GUILFORD,ONESTOP,CITY OF BURLINGTON COUNCIL MEMBER,,,Charlie Beasley,0
GUILFORD,ONESTOP,CITY OF BURLINGTON COUNCIL MEMBER,,,Dejuana Warren Bigelow,3
GUILFORD,ONESTOP,CITY OF BURLINGTON COUNCIL MEMBER,,,Harold Owen,0
GUILFORD,ONESTOP,CITY OF BURLINGTON COUNCIL MEMBER,,,Ronnie Wall,2
GUILFORD,ONESTOP,CITY OF BURLINGTON COUNCIL MEMBER,,,Wendy Jordan,2
GUILFORD,PROVISIONAL,TOWN OF JAMESTOWN MAYOR,,,Lynn Montgomery,0
GUILFORD,PROVISIONAL,TOWN OF JAMESTOWN MAYOR,,,Michael Young,0
GUILFORD,PROVISIONAL,TOWN OF JAMESTOWN MAYOR,,,Robert Edward Frederick,0
GUILFORD,PROVISIONAL,CITY OF BURLINGTON MAYOR,,,Caleb J. Massey,0
GUILFORD,PROVISIONAL,CITY OF BURLINGTON MAYOR,,,Donna Vanhook,0
GUILFORD,PROVISIONAL,CITY OF BURLINGTON MAYOR,,,Ian Baltutis,0
GUILFORD,PROVISIONAL,CITY OF BURLINGTON MAYOR,,,Jim Butler,0
GUILFORD,PROVISIONAL,CITY OF BURLINGTON MAYOR,,,Walter Boyd,0
GUILFORD,PROVISIONAL,CITY OF BURLINGTON COUNCIL MEMBER,,,Bob Byrd,0
GUILFORD,PROVISIONAL,CITY OF BURLINGTON COUNCIL MEMBER,,,Charlie Beasley,0
GUILFORD,PROVISIONAL,CITY OF BURLINGTON COUNCIL MEMBER,,,Dejuana Warren Bigelow,0
GUILFORD,PROVISIONAL,CITY OF BURLINGTON COUNCIL MEMBER,,,Harold Owen,0
GUILFORD,PROVISIONAL,CITY OF BURLINGTON COUNCIL MEMBER,,,Ronnie Wall,0
GUILFORD,PROVISIONAL,CITY OF BURLINGTON COUNCIL MEMBER,,,Wendy Jordan,0
GUILFORD,RC2,CITY OF BURLINGTON MAYOR,,,Caleb J. Massey,2
GUILFORD,RC2,CITY OF BURLINGTON MAYOR,,,Donna Vanhook,1
GUILFORD,RC2,CITY OF BURLINGTON MAYOR,,,Ian Baltutis,9
GUILFORD,RC2,CITY OF BURLINGTON MAYOR,,,Jim Butler,4
GUILFORD,RC2,CITY OF BURLINGTON MAYOR,,,Walter Boyd,1
GUILFORD,RC2,CITY OF BURLINGTON COUNCIL MEMBER,,,Bob Byrd,9
GUILFORD,RC2,CITY OF BURLINGTON COUNCIL MEMBER,,,Charlie Beasley,6
GUILFORD,RC2,CITY OF BURLINGTON COUNCIL MEMBER,,,Dejuana Warren Bigelow,12
GUILFORD,RC2,CITY OF BURLINGTON COUNCIL MEMBER,,,Harold Owen,2
GUILFORD,RC2,CITY OF BURLINGTON COUNCIL MEMBER,,,Ronnie Wall,0
GUILFORD,RC2,CITY OF BURLINGTON COUNCIL MEMBER,,,Wendy Jordan,2
HENDERSON,AR,CITY OF HENDERSONVILLE CITY COUNCIL,,,Chelsea Walsh,9
HENDERSON,AR,CITY OF HENDERSONVILLE CITY COUNCIL,,,Debbie Roundtree,8
HENDERSON,AR,CITY OF HENDERSONVILLE CITY COUNCIL,,,"Jerry Smith, Jr.",0
HENDERSON,AR,CITY OF HENDERSONVILLE CITY COUNCIL,,,Mike Baer,2
HENDERSON,AR,CITY OF HENDERSONVILLE CITY COUNCIL,,,Mike Vesely,2
HENDERSON,AR,CITY OF HENDERSONVILLE CITY COUNCIL,,,Raphael Morales,5
HENDERSON,CC,CITY OF HENDERSONVILLE CITY COUNCIL,,,Chelsea Walsh,32
HENDERSON,CC,CITY OF HENDERSONVILLE CITY COUNCIL,,,Debbie Roundtree,46
HENDERSON,CC,CITY OF HENDERSONVILLE CITY COUNCIL,,,"Jerry Smith, Jr.",31
HENDERSON,CC,CITY OF HENDERSONVILLE CITY COUNCIL,,,Mike Baer,15
HENDERSON,CC,CITY OF HENDERSONVILLE CITY COUNCIL,,,Mike Vesely,16
HENDERSON,CC,CITY OF HENDERSONVILLE CITY COUNCIL,,,Raphael Morales,36
HENDERSON,CV,CITY OF HENDERSONVILLE CITY COUNCIL,,,Chelsea Walsh,75
HENDERSON,CV,CITY OF HENDERSONVILLE CITY COUNCIL,,,Debbie Roundtree,27
HENDERSON,CV,CITY OF HENDERSONVILLE CITY COUNCIL,,,"Jerry Smith, Jr.",106
HENDERSON,CV,CITY OF HENDERSONVILLE CITY COUNCIL,,,Mike Baer,51
HENDERSON,CV,CITY OF HENDERSONVILLE CITY COUNCIL,,,Mike Vesely,23
HENDERSON,CV,CITY OF HENDERSONVILLE CITY COUNCIL,,,Raphael Morales,39
HENDERSON,HV-1,CITY OF HENDERSONVILLE CITY COUNCIL,,,Chelsea Walsh,116
HENDERSON,HV-1,CITY OF HENDERSONVILLE CITY COUNCIL,,,Debbie Roundtree,157
HENDERSON,HV-1,CITY OF HENDERSONVILLE CITY COUNCIL,,,"Jerry Smith, Jr.",196
HENDERSON,HV-1,CITY OF HENDERSONVILLE CITY COUNCIL,,,Mike Baer,87
HENDERSON,HV-1,CITY OF HENDERSONVILLE CITY COUNCIL,,,Mike Vesely,68
HENDERSON,HV-1,CITY OF HENDERSONVILLE CITY COUNCIL,,,Raphael Morales,122
HENDERSON,HV-2,CITY OF HENDERSONVILLE CITY COUNCIL,,,Chelsea Walsh,75
HENDERSON,HV-2,CITY OF HENDERSONVILLE CITY COUNCIL,,,Debbie Roundtree,124
HENDERSON,HV-2,CITY OF HENDERSONVILLE CITY COUNCIL,,,"Jerry Smith, Jr.",80
HENDERSON,HV-2,CITY OF HENDERSONVILLE CITY COUNCIL,,,Mike Baer,34
HENDERSON,HV-2,CITY OF HENDERSONVILLE CITY COUNCIL,,,Mike Vesely,47
HENDERSON,HV-2,CITY OF HENDERSONVILLE CITY COUNCIL,,,Raphael Morales,90
HENDERSON,HV-3,CITY OF HENDERSONVILLE CITY COUNCIL,,,Chelsea Walsh,121
HENDERSON,HV-3,CITY OF HENDERSONVILLE CITY COUNCIL,,,Debbie Roundtree,153
HENDERSON,HV-3,CITY OF HENDERSONVILLE CITY COUNCIL,,,"Jerry Smith, Jr.",150
HENDERSON,HV-3,CITY OF HENDERSONVILLE CITY COUNCIL,,,Mike Baer,88
HENDERSON,HV-3,CITY OF HENDERSONVILLE CITY COUNCIL,,,Mike Vesely,69
HENDERSON,HV-3,CITY OF HENDERSONVILLE CITY COUNCIL,,,Raphael Morales,128
HENDERSON,LJ,CITY OF HENDERSONVILLE CITY COUNCIL,,,Chelsea Walsh,4
HENDERSON,LJ,CITY OF HENDERSONVILLE CITY COUNCIL,,,Debbie Roundtree,7
HENDERSON,LJ,CITY OF HENDERSONVILLE CITY COUNCIL,,,"Jerry Smith, Jr.",4
HENDERSON,LJ,CITY OF HENDERSONVILLE CITY COUNCIL,,,Mike Baer,2
HENDERSON,LJ,CITY OF HENDERSONVILLE CITY COUNCIL,,,Mike Vesely,4
HENDERSON,LJ,CITY OF HENDERSONVILLE CITY COUNCIL,,,Raphael Morales,7
HENDERSON,MG,CITY OF HENDERSONVILLE CITY COUNCIL,,,Chelsea Walsh,7
HENDERSON,MG,CITY OF HENDERSONVILLE CITY COUNCIL,,,Debbie Roundtree,4
HENDERSON,MG,CITY OF HENDERSONVILLE CITY COUNCIL,,,"Jerry Smith, Jr.",2
HENDERSON,MG,CITY OF HENDERSONVILLE CITY COUNCIL,,,Mike Baer,2
HENDERSON,MG,CITY OF HENDERSONVILLE CITY COUNCIL,,,Mike Vesely,1
HENDERSON,MG,CITY OF HENDERSONVILLE CITY COUNCIL,,,Raphael Morales,4
HENDERSON,NE,CITY OF HENDERSONVILLE CITY COUNCIL,,,Chelsea Walsh,6
HENDERSON,NE,CITY OF HENDERSONVILLE CITY COUNCIL,,,Debbie Roundtree,4
HENDERSON,NE,CITY OF HENDERSONVILLE CITY COUNCIL,,,"Jerry Smith, Jr.",2
HENDERSON,NE,CITY OF HENDERSONVILLE CITY COUNCIL,,,Mike Baer,1
HENDERSON,NE,CITY OF HENDERSONVILLE CITY COUNCIL,,,Mike Vesely,3
HENDERSON,NE,CITY OF HENDERSONVILLE CITY COUNCIL,,,Raphael Morales,1
HENDERSON,NW,CITY OF HENDERSONVILLE CITY COUNCIL,,,Chelsea Walsh,0
HENDERSON,NW,CITY OF HENDERSONVILLE CITY COUNCIL,,,Debbie Roundtree,0
HENDERSON,NW,CITY OF HENDERSONVILLE CITY COUNCIL,,,"Jerry Smith, Jr.",0
HENDERSON,NW,CITY OF HENDERSONVILLE CITY COUNCIL,,,Mike Baer,0
HENDERSON,NW,CITY OF HENDERSONVILLE CITY COUNCIL,,,Mike Vesely,0
HENDERSON,NW,CITY OF HENDERSONVILLE CITY COUNCIL,,,Raphael Morales,0
HENDERSON,SE,CITY OF HENDERSONVILLE CITY COUNCIL,,,Chelsea Walsh,0
HENDERSON,SE,CITY OF HENDERSONVILLE CITY COUNCIL,,,Debbie Roundtree,0
HENDERSON,SE,CITY OF HENDERSONVILLE CITY COUNCIL,,,"Jerry Smith, Jr.",1
HENDERSON,SE,CITY OF HENDERSONVILLE CITY COUNCIL,,,Mike Baer,0
HENDERSON,SE,CITY OF HENDERSONVILLE CITY COUNCIL,,,Mike Vesely,0
HENDERSON,SE,CITY OF HENDERSONVILLE CITY COUNCIL,,,Raphael Morales,0
HENDERSON,SW,CITY OF HENDERSONVILLE CITY COUNCIL,,,Chelsea Walsh,2
HENDERSON,SW,CITY OF HENDERSONVILLE CITY COUNCIL,,,Debbie Roundtree,2
HENDERSON,SW,CITY OF HENDERSONVILLE CITY COUNCIL,,,"Jerry Smith, Jr.",4
HENDERSON,SW,CITY OF HENDERSONVILLE CITY COUNCIL,,,Mike Baer,0
HENDERSON,SW,CITY OF HENDERSONVILLE CITY COUNCIL,,,Mike Vesely,4
HENDERSON,SW,CITY OF HENDERSONVILLE CITY COUNCIL,,,Raphael Morales,4
IREDELL,CC1,TOWN OF MOORESVILLE COMMISSIONER AT-LARGE,,,Gary West,71
IREDELL,CC1,TOWN OF MOORESVILLE COMMISSIONER AT-LARGE,,,Lox Leach,24
IREDELL,CC1,TOWN OF MOORESVILLE COMMISSIONER AT-LARGE,,,Mike Cabe,62
IREDELL,CC2,TOWN OF MOORESVILLE COMMISSIONER AT-LARGE,,,Gary West,42
IREDELL,CC2,TOWN OF MOORESVILLE COMMISSIONER AT-LARGE,,,Lox Leach,22
IREDELL,CC2,TOWN OF MOORESVILLE COMMISSIONER AT-LARGE,,,Mike Cabe,35
IREDELL,CC3-1,TOWN OF MOORESVILLE COMMISSIONER AT-LARGE,,,Gary West,147
IREDELL,CC3-1,TOWN OF MOORESVILLE COMMISSIONER AT-LARGE,,,Lox Leach,39
IREDELL,CC3-1,TOWN OF MOORESVILLE COMMISSIONER AT-LARGE,,,Mike Cabe,65
IREDELL,CC4-1,TOWN OF MOORESVILLE COMMISSIONER AT-LARGE,,,Gary West,29
IREDELL,CC4-1,TOWN OF MOORESVILLE COMMISSIONER AT-LARGE,,,Lox Leach,5
IREDELL,CC4-1,TOWN OF MOORESVILLE COMMISSIONER AT-LARGE,,,Mike Cabe,5
IREDELL,DV1A-1,TOWN OF MOORESVILLE COMMISSIONER AT-LARGE,,,Gary West,16
IREDELL,DV1A-1,TOWN OF MOORESVILLE COMMISSIONER AT-LARGE,,,Lox Leach,4
IREDELL,DV1A-1,TOWN OF MOORESVILLE COMMISSIONER AT-LARGE,,,Mike Cabe,10
IREDELL,DV1B-1,TOWN OF MOORESVILLE COMMISSIONER AT-LARGE,,,Gary West,15
IREDELL,DV1B-1,TOWN OF MOORESVILLE COMMISSIONER AT-LARGE,,,Lox Leach,0
IREDELL,DV1B-1,TOWN OF MOORESVILLE COMMISSIONER AT-LARGE,,,Mike Cabe,2
IREDELL,DV2A-1,TOWN OF MOORESVILLE COMMISSIONER AT-LARGE,,,Gary West,34
IREDELL,DV2A-1,TOWN OF MOORESVILLE COMMISSIONER AT-LARGE,,,Lox Leach,3
IREDELL,DV2A-1,TOWN OF MOORESVILLE COMMISSIONER AT-LARGE,,,Mike Cabe,12
IREDELL,DV2B-1,TOWN OF MOORESVILLE COMMISSIONER AT-LARGE,,,Gary West,21
IREDELL,DV2B-1,TOWN OF MOORESVILLE COMMISSIONER AT-LARGE,,,Lox Leach,1
IREDELL,DV2B-1,TOWN OF MOORESVILLE COMMISSIONER AT-LARGE,,,Mike Cabe,4
MOORE,ABSENTEE,TOWN OF SOUTHERN PINES COUNCIL MEMBER,,,Ann Petersen,12
MOORE,ABSENTEE,TOWN OF SOUTHERN PINES COUNCIL MEMBER,,,Brandon Goodman,3
MOORE,ABSENTEE,TOWN OF SOUTHERN PINES COUNCIL MEMBER,,,Mary Ann O'Connor,2
MOORE,ABSENTEE,TOWN OF SOUTHERN PINES COUNCIL MEMBER,,,Mike Saulnier,8
MOORE,ABSENTEE,TOWN OF SOUTHERN PINES COUNCIL MEMBER,,,Taylor Clement,5
MOORE,EAB,TOWN OF SOUTHERN PINES COUNCIL MEMBER,,,Ann Petersen,0
MOORE,EAB,TOWN OF SOUTHERN PINES COUNCIL MEMBER,,,Brandon Goodman,0
MOORE,EAB,TOWN OF SOUTHERN PINES COUNCIL MEMBER,,,Mary Ann O'Connor,0
MOORE,EAB,TOWN OF SOUTHERN PINES COUNCIL MEMBER,,,Mike Saulnier,0
MOORE,EAB,TOWN OF SOUTHERN PINES COUNCIL MEMBER,,,Taylor Clement,0
MOORE,EKWD,TOWN OF SOUTHERN PINES COUNCIL MEMBER,,,Ann Petersen,15
MOORE,EKWD,TOWN OF SOUTHERN PINES COUNCIL MEMBER,,,Brandon Goodman,5
MOORE,EKWD,TOWN OF SOUTHERN PINES COUNCIL MEMBER,,,Mary Ann O'Connor,7
MOORE,EKWD,TOWN OF SOUTHERN PINES COUNCIL MEMBER,,,Mike Saulnier,11
MOORE,EKWD,TOWN OF SOUTHERN PINES COUNCIL MEMBER,,,Taylor Clement,9
MOORE,EWD,TOWN OF SOUTHERN PINES COUNCIL MEMBER,,,Ann Petersen,0
MOORE,EWD,TOWN OF SOUTHERN PINES COUNCIL MEMBER,,,Brandon Goodman,0
MOORE,EWD,TOWN OF SOUTHERN PINES COUNCIL MEMBER,,,Mary Ann O'Connor,0
MOORE,EWD,TOWN OF SOUTHERN PINES COUNCIL MEMBER,,,Mike Saulnier,0
MOORE,EWD,TOWN OF SOUTHERN PINES COUNCIL MEMBER,,,Taylor Clement,0
MOORE,NSP,TOWN OF SOUTHERN PINES COUNCIL MEMBER,,,Ann Petersen,72
MOORE,NSP,TOWN OF SOUTHERN PINES COUNCIL MEMBER,,,Brandon Goodman,45
MOORE,NSP,TOWN OF SOUTHERN PINES COUNCIL MEMBER,,,Mary Ann O'Connor,15
MOORE,NSP,TOWN OF SOUTHERN PINES COUNCIL MEMBER,,,Mike Saulnier,51
MOORE,NSP,TOWN OF SOUTHERN PINES COUNCIL MEMBER,,,Taylor Clement,69
MOORE,OS BOE,TOWN OF SOUTHERN PINES COUNCIL MEMBER,,,Ann Petersen,59
MOORE,OS BOE,TOWN OF SOUTHERN PINES COUNCIL MEMBER,,,Brandon Goodman,13
MOORE,OS BOE,TOWN OF SOUTHERN PINES COUNCIL MEMBER,,,Mary Ann O'Connor,19
MOORE,OS BOE,TOWN OF SOUTHERN PINES COUNCIL MEMBER,,,Mike Saulnier,49
MOORE,OS BOE,TOWN OF SOUTHERN PINES COUNCIL MEMBER,,,Taylor Clement,34
MOORE,PDN,TOWN OF SOUTHERN PINES COUNCIL MEMBER,,,Ann Petersen,102
MOORE,PDN,TOWN OF SOUTHERN PINES COUNCIL MEMBER,,,Brandon Goodman,70
MOORE,PDN,TOWN OF SOUTHERN PINES COUNCIL MEMBER,,,Mary Ann O'Connor,29
MOORE,PDN,TOWN OF SOUTHERN PINES COUNCIL MEMBER,,,Mike Saulnier,76
MOORE,PDN,TOWN OF SOUTHERN PINES COUNCIL MEMBER,,,Taylor Clement,95
MOORE,PROVISIONAL,TOWN OF SOUTHERN PINES COUNCIL MEMBER,,,Ann Petersen,0
MOORE,PROVISIONAL,TOWN OF SOUTHERN PINES COUNCIL MEMBER,,,Brandon Goodman,0
MOORE,PROVISIONAL,TOWN OF SOUTHERN PINES COUNCIL MEMBER,,,Mary Ann O'Connor,0
MOORE,PROVISIONAL,TOWN OF SOUTHERN PINES COUNCIL MEMBER,,,Mike Saulnier,0
MOORE,PROVISIONAL,TOWN OF SOUTHERN PINES COUNCIL MEMBER,,,Taylor Clement,0
MOORE,SSP,TOWN OF SOUTHERN PINES COUNCIL MEMBER,,,Ann Petersen,135
MOORE,SSP,TOWN OF SOUTHERN PINES COUNCIL MEMBER,,,Brandon Goodman,63
MOORE,SSP,TOWN OF SOUTHERN PINES COUNCIL MEMBER,,,Mary Ann O'Connor,25
MOORE,SSP,TOWN OF SOUTHERN PINES COUNCIL MEMBER,,,Mike Saulnier,93
MOORE,SSP,TOWN OF SOUTHERN PINES COUNCIL MEMBER,,,Taylor Clement,74
MOORE,WKWD,TOWN OF SOUTHERN PINES COUNCIL MEMBER,,,Ann Petersen,73
MOORE,WKWD,TOWN OF SOUTHERN PINES COUNCIL MEMBER,,,Brandon Goodman,68
MOORE,WKWD,TOWN OF SOUTHERN PINES COUNCIL MEMBER,,,Mary Ann O'Connor,22
MOORE,WKWD,TOWN OF SOUTHERN PINES COUNCIL MEMBER,,,Mike Saulnier,54
MOORE,WKWD,TOWN OF SOUTHERN PINES COUNCIL MEMBER,,,Taylor Clement,94
ORANGE,ABSENTEE,CITY OF DURHAM MAYOR,,,Charlitta Burruss,0
ORANGE,ABSENTEE,CITY OF DURHAM MAYOR,,,Daryl Quick,0
ORANGE,ABSENTEE,CITY OF DURHAM MAYOR,,,Elaine O'Neal,0
ORANGE,ABSENTEE,CITY OF DURHAM MAYOR,,,Jahnmaud Lane,0
ORANGE,ABSENTEE,CITY OF DURHAM MAYOR,,,Javiera Caballero,0
ORANGE,ABSENTEE,CITY OF DURHAM MAYOR,,,Rebecca Harvard Barnes,0
ORANGE,ABSENTEE,CITY OF DURHAM MAYOR,,,Sabrina (Bree) Davis,0
ORANGE,ABSENTEE,CITY OF DURHAM CITY COUNCIL WARD I,,,DeDreana Freeman,0
ORANGE,ABSENTEE,CITY OF DURHAM CITY COUNCIL WARD I,,,Elizabeth Takla,0
ORANGE,ABSENTEE,CITY OF DURHAM CITY COUNCIL WARD I,,,Marion T. Johnson,0
ORANGE,ABSENTEE,CITY OF DURHAM CITY COUNCIL WARD I,,,Waldo Fenner,0
ORANGE,ABSENTEE,CITY OF DURHAM CITY COUNCIL WARD II,,,Mark-Anthony Middleton,0
ORANGE,ABSENTEE,CITY OF DURHAM CITY COUNCIL WARD II,,,"Robert L. Curtis, Jr.",0
ORANGE,ABSENTEE,CITY OF DURHAM CITY COUNCIL WARD II,,,Sylvester Williams,0
ORANGE,ENO,CITY OF DURHAM MAYOR,,,Charlitta Burruss,0
ORANGE,ENO,CITY OF DURHAM MAYOR,,,Daryl Quick,0
ORANGE,ENO,CITY OF DURHAM MAYOR,,,Elaine O'Neal,0
ORANGE,ENO,CITY OF DURHAM MAYOR,,,Jahnmaud Lane,0
ORANGE,ENO,CITY OF DURHAM MAYOR,,,Javiera Caballero,0
ORANGE,ENO,CITY OF DURHAM MAYOR,,,Rebecca Harvard Barnes,0
ORANGE,ENO,CITY OF DURHAM MAYOR,,,Sabrina (Bree) Davis,0
ORANGE,ENO,CITY OF DURHAM CITY COUNCIL WARD I,,,DeDreana Freeman,0
ORANGE,ENO,CITY OF DURHAM CITY COUNCIL WARD I,,,Elizabeth Takla,0
ORANGE,ENO,CITY OF DURHAM CITY COUNCIL WARD I,,,Marion T. Johnson,0
ORANGE,ENO,CITY OF DURHAM CITY COUNCIL WARD I,,,Waldo Fenner,0
ORANGE,ENO,CITY OF DURHAM CITY COUNCIL WARD II,,,Mark-Anthony Middleton,0
ORANGE,ENO,CITY OF DURHAM CITY COUNCIL WARD II,,,"Robert L. Curtis, Jr.",0
ORANGE,ENO,CITY OF DURHAM CITY COUNCIL WARD II,,,Sylvester Williams,0
ORANGE,ONE STOP,CITY OF DURHAM MAYOR,,,Charlitta Burruss,0
ORANGE,ONE STOP,CITY OF DURHAM MAYOR,,,Daryl Quick,0
ORANGE,ONE STOP,CITY OF DURHAM MAYOR,,,Elaine O'Neal,0
ORANGE,ONE STOP,CITY OF DURHAM MAYOR,,,Jahnmaud Lane,0
ORANGE,ONE STOP,CITY OF DURHAM MAYOR,,,Javiera Caballero,0
ORANGE,ONE STOP,CITY OF DURHAM MAYOR,,,Rebecca Harvard Barnes,0
ORANGE,ONE STOP,CITY OF DURHAM MAYOR,,,Sabrina (Bree) Davis,0
ORANGE,ONE STOP,CITY OF DURHAM CITY COUNCIL WARD I,,,DeDreana Freeman,0
ORANGE,ONE STOP,CITY OF DURHAM CITY COUNCIL WARD I,,,Elizabeth Takla,0
ORANGE,ONE STOP,CITY OF DURHAM CITY COUNCIL WARD I,,,Marion T. Johnson,0
ORANGE,ONE STOP,CITY OF DURHAM CITY COUNCIL WARD I,,,Waldo Fenner,0
ORANGE,ONE STOP,CITY OF DURHAM CITY COUNCIL WARD II,,,Mark-Anthony Middleton,0
ORANGE,ONE STOP,CITY OF DURHAM CITY COUNCIL WARD II,,,"Robert L. Curtis, Jr.",0
ORANGE,ONE STOP,CITY OF DURHAM CITY COUNCIL WARD II,,,Sylvester Williams,0
ORANGE,PA,CITY OF DURHAM MAYOR,,,Charlitta Burruss,0
ORANGE,PA,CITY OF DURHAM MAYOR,,,Daryl Quick,0
ORANGE,PA,CITY OF DURHAM MAYOR,,,Elaine O'Neal,0
ORANGE,PA,CITY OF DURHAM MAYOR,,,Jahnmaud Lane,0
ORANGE,PA,CITY OF DURHAM MAYOR,,,Javiera Caballero,0
ORANGE,PA,CITY OF DURHAM MAYOR,,,Rebecca Harvard Barnes,0
ORANGE,PA,CITY OF DURHAM MAYOR,,,Sabrina (Bree) Davis,0
ORANGE,PA,CITY OF DURHAM CITY COUNCIL WARD I,,,DeDreana Freeman,0
ORANGE,PA,CITY OF DURHAM CITY COUNCIL WARD I,,,Elizabeth Takla,0
ORANGE,PA,CITY OF DURHAM CITY COUNCIL WARD I,,,Marion T. Johnson,0
ORANGE,PA,CITY OF DURHAM CITY COUNCIL WARD I,,,Waldo Fenner,0
ORANGE,PA,CITY OF DURHAM CITY COUNCIL WARD II,,,Mark-Anthony Middleton,0
ORANGE,PA,CITY OF DURHAM CITY COUNCIL WARD II,,,"Robert L. Curtis, Jr.",0
ORANGE,PA,CITY OF DURHAM CITY COUNCIL WARD II,,,Sylvester Williams,0
ORANGE,PROVISIONAL,CITY OF DURHAM MAYOR,,,Charlitta Burruss,0
ORANGE,PROVISIONAL,CITY OF DURHAM MAYOR,,,Daryl Quick,0
ORANGE,PROVISIONAL,CITY OF DURHAM MAYOR,,,Elaine O'Neal,0
ORANGE,PROVISIONAL,CITY OF DURHAM MAYOR,,,Jahnmaud Lane,0
ORANGE,PROVISIONAL,CITY OF DURHAM MAYOR,,,Javiera Caballero,0
ORANGE,PROVISIONAL,CITY OF DURHAM MAYOR,,,Rebecca Harvard Barnes,0
ORANGE,PROVISIONAL,CITY OF DURHAM MAYOR,,,Sabrina (Bree) Davis,0
ORANGE,PROVISIONAL,CITY OF DURHAM CITY COUNCIL WARD I,,,DeDreana Freeman,0
ORANGE,PROVISIONAL,CITY OF DURHAM CITY COUNCIL WARD I,,,Elizabeth Takla,0
ORANGE,PROVISIONAL,CITY OF DURHAM CITY COUNCIL WARD I,,,Marion T. Johnson,0
ORANGE,PROVISIONAL,CITY OF DURHAM CITY COUNCIL WARD I,,,Waldo Fenner,0
ORANGE,PROVISIONAL,CITY OF DURHAM CITY COUNCIL WARD II,,,Mark-Anthony Middleton,0
ORANGE,PROVISIONAL,CITY OF DURHAM CITY COUNCIL WARD II,,,"Robert L. Curtis, Jr.",0
ORANGE,PROVISIONAL,CITY OF DURHAM CITY COUNCIL WARD II,,,Sylvester Williams,0
ORANGE,TRANSFER,CITY OF DURHAM MAYOR,,,Charlitta Burruss,0
ORANGE,TRANSFER,CITY OF DURHAM MAYOR,,,Daryl Quick,0
ORANGE,TRANSFER,CITY OF DURHAM MAYOR,,,Elaine O'Neal,0
ORANGE,TRANSFER,CITY OF DURHAM MAYOR,,,Jahnmaud Lane,0
ORANGE,TRANSFER,CITY OF DURHAM MAYOR,,,Javiera Caballero,0
ORANGE,TRANSFER,CITY OF DURHAM MAYOR,,,Rebecca Harvard Barnes,0
ORANGE,TRANSFER,CITY OF DURHAM MAYOR,,,Sabrina (Bree) Davis,0
ORANGE,TRANSFER,CITY OF DURHAM CITY COUNCIL WARD I,,,DeDreana Freeman,0
ORANGE,TRANSFER,CITY OF DURHAM CITY COUNCIL WARD I,,,Elizabeth Takla,0
ORANGE,TRANSFER,CITY OF DURHAM CITY COUNCIL WARD I,,,Marion T. Johnson,0
ORANGE,TRANSFER,CITY OF DURHAM CITY COUNCIL WARD I,,,Waldo Fenner,0
ORANGE,TRANSFER,CITY OF DURHAM CITY COUNCIL WARD II,,,Mark-Anthony Middleton,0
ORANGE,TRANSFER,CITY OF DURHAM CITY COUNCIL WARD II,,,"Robert L. Curtis, Jr.",0
ORANGE,TRANSFER,CITY OF DURHAM CITY COUNCIL WARD II,,,Sylvester Williams,0
PERSON,FLRI,CITY OF ROXBORO MAYOR,,,Merilyn P. Newell,0
PERSON,FLRI,CITY OF ROXBORO MAYOR,, ,Write-In (Miscellaneous),0
PERSON,FLRI,CITY OF ROXBORO COUNCILMAN,,,Benjamin (Benji) Gault,0
PERSON,FLRI,CITY OF ROXBORO COUNCILMAN,,,Cynthia C. Petty,0
PERSON,FLRI,CITY OF ROXBORO COUNCILMAN,,,J. Reginald (Reggie) Horton,0
PERSON,FLRI,CITY OF ROXBORO COUNCILMAN,,,Jermaine Wallace,0
PERSON,FLRI,CITY OF ROXBORO COUNCILMAN,,,Mark T. Phillips,0
PERSON,FLRI,CITY OF ROXBORO COUNCILMAN,,,Peter L. Baker,0
PERSON,FLRI,CITY OF ROXBORO COUNCILMAN,,,Shaina (Blackwell) Outlaw,0
PERSON,FLRI,CITY OF ROXBORO COUNCILMAN,,,Timothy (Tim) Bonafair,0
PERSON,FLRI,CITY OF ROXBORO COUNCILMAN,,,Timothy (Tim) Chandler,0
PERSON,FLRI,CITY OF ROXBORO COUNCILMAN,, ,Write-In (Miscellaneous),0
PERSON,PNTH,CITY OF ROXBORO MAYOR,,,Merilyn P. Newell,204
PERSON,PNTH,CITY OF ROXBORO MAYOR,, ,Write-In (Miscellaneous),6
PERSON,PNTH,CITY OF ROXBORO COUNCILMAN,,,Benjamin (Benji) Gault,58
PERSON,PNTH,CITY OF ROXBORO COUNCILMAN,,,Cynthia C. Petty,192
PERSON,PNTH,CITY OF ROXBORO COUNCILMAN,,,J. Reginald (Reggie) Horton,119
PERSON,PNTH,CITY OF ROXBORO COUNCILMAN,,,Jermaine Wallace,138
PERSON,PNTH,CITY OF ROXBORO COUNCILMAN,,,Mark T. Phillips,134
PERSON,PNTH,CITY OF ROXBORO COUNCILMAN,,,Peter L. Baker,135
PERSON,PNTH,CITY OF ROXBORO COUNCILMAN,,,Shaina (Blackwell) Outlaw,142
PERSON,PNTH,CITY OF ROXBORO COUNCILMAN,,,Timothy (Tim) Bonafair,35
PERSON,PNTH,CITY OF ROXBORO COUNCILMAN,,,Timothy (Tim) Chandler,139
PERSON,PNTH,CITY OF ROXBORO COUNCILMAN,, ,Write-In (Miscellaneous),2
PERSON,RCTL,CITY OF ROXBORO MAYOR,,,Merilyn P. Newell,196
PERSON,RCTL,CITY OF ROXBORO MAYOR,, ,Write-In (Miscellaneous),9
PERSON,RCTL,CITY OF ROXBORO COUNCILMAN,,,Benjamin (Benji) Gault,44
PERSON,RCTL,CITY OF ROXBORO COUNCILMAN,,,Cynthia C. Petty,184
PERSON,RCTL,CITY OF ROXBORO COUNCILMAN,,,J. Reginald (Reggie) Horton,107
PERSON,RCTL,CITY OF ROXBORO COUNCILMAN,,,Jermaine Wallace,117
PERSON,RCTL,CITY OF ROXBORO COUNCILMAN,,,Mark T. Phillips,134
PERSON,RCTL,CITY OF ROXBORO COUNCILMAN,,,Peter L. Baker,129
PERSON,RCTL,CITY OF ROXBORO COUNCILMAN,,,Shaina (Blackwell) Outlaw,135
PERSON,RCTL,CITY OF ROXBORO COUNCILMAN,,,Timothy (Tim) Bonafair,37
PERSON,RCTL,CITY OF ROXBORO COUNCILMAN,,,Timothy (Tim) Chandler,153
PERSON,RCTL,CITY OF ROXBORO COUNCILMAN,, ,Write-In (Miscellaneous),2
PERSON,ROX4,CITY OF ROXBORO MAYOR,,,Merilyn P. Newell,93
PERSON,ROX4,CITY OF ROXBORO MAYOR,, ,Write-In (Miscellaneous),1
PERSON,ROX4,CITY OF ROXBORO COUNCILMAN,,,Benjamin (Benji) Gault,14
PERSON,ROX4,CITY OF ROXBORO COUNCILMAN,,,Cynthia C. Petty,75
PERSON,ROX4,CITY OF ROXBORO COUNCILMAN,,,J. Reginald (Reggie) Horton,50
PERSON,ROX4,CITY OF ROXBORO COUNCILMAN,,,Jermaine Wallace,51
PERSON,ROX4,CITY OF ROXBORO COUNCILMAN,,,Mark T. Phillips,57
PERSON,ROX4,CITY OF ROXBORO COUNCILMAN,,,Peter L. Baker,54
PERSON,ROX4,CITY OF ROXBORO COUNCILMAN,,,Shaina (Blackwell) Outlaw,55
PERSON,ROX4,CITY OF ROXBORO COUNCILMAN,,,Timothy (Tim) Bonafair,20
PERSON,ROX4,CITY OF ROXBORO COUNCILMAN,,,Timothy (Tim) Chandler,59
PERSON,ROX4,CITY OF ROXBORO COUNCILMAN,, ,Write-In (Miscellaneous),0
RICHMOND,08,TOWN OF DOBBINS HEIGHTS TOWN COUNCIL,,,Angeline Kendall David,73
RICHMOND,08,TOWN OF DOBBINS HEIGHTS TOWN COUNCIL,,,Mary (Mawilma) Magee,43
RICHMOND,08,TOWN OF DOBBINS HEIGHTS TOWN COUNCIL,,,Tyre' Holloway,52
RICHMOND,08,TOWN OF DOBBINS HEIGHTS TOWN COUNCIL,, ,Write-In (Miscellaneous),0
WAKE,08-03,CITY OF DURHAM MAYOR,,,Charlitta Burruss,0
WAKE,08-03,CITY OF DURHAM MAYOR,,,Daryl Quick,0
WAKE,08-03,CITY OF DURHAM MAYOR,,,Elaine O'Neal,0
WAKE,08-03,CITY OF DURHAM MAYOR,,,Jahnmaud Lane,0
WAKE,08-03,CITY OF DURHAM MAYOR,,,Javiera Caballero,0
WAKE,08-03,CITY OF DURHAM MAYOR,,,Rebecca Harvard Barnes,0
WAKE,08-03,CITY OF DURHAM MAYOR,,,Sabrina (Bree) Davis,0
WAKE,08-03,CITY OF DURHAM CITY COUNCIL WARD I,,,DeDreana Freeman,0
WAKE,08-03,CITY OF DURHAM CITY COUNCIL WARD I,,,Elizabeth Takla,0
WAKE,08-03,CITY OF DURHAM CITY COUNCIL WARD I,,,Marion T. Johnson,0
WAKE,08-03,CITY OF DURHAM CITY COUNCIL WARD I,,,Waldo Fenner,0
WAKE,08-03,CITY OF DURHAM CITY COUNCIL WARD II,,,Mark-Anthony Middleton,0
WAKE,08-03,CITY OF DURHAM CITY COUNCIL WARD II,,,"Robert L. Curtis, Jr.",0
WAKE,08-03,CITY OF DURHAM CITY COUNCIL WARD II,,,Sylvester Williams,0
WAKE,ABSEN,CITY OF DURHAM MAYOR,,,Charlitta Burruss,0
WAKE,ABSEN,CITY OF DURHAM MAYOR,,,Daryl Quick,0
WAKE,ABSEN,CITY OF DURHAM MAYOR,,,Elaine O'Neal,0
WAKE,ABSEN,CITY OF DURHAM MAYOR,,,Jahnmaud Lane,0
WAKE,ABSEN,CITY OF DURHAM MAYOR,,,Javiera Caballero,0
WAKE,ABSEN,CITY OF DURHAM MAYOR,,,Rebecca Harvard Barnes,0
WAKE,ABSEN,CITY OF DURHAM MAYOR,,,Sabrina (Bree) Davis,0
WAKE,ABSEN,CITY OF DURHAM CITY COUNCIL WARD I,,,DeDreana Freeman,0
WAKE,ABSEN,CITY OF DURHAM CITY COUNCIL WARD I,,,Elizabeth Takla,0
WAKE,ABSEN,CITY OF DURHAM CITY COUNCIL WARD I,,,Marion T. Johnson,0
WAKE,ABSEN,CITY OF DURHAM CITY COUNCIL WARD I,,,Waldo Fenner,0
WAKE,ABSEN,CITY OF DURHAM CITY COUNCIL WARD II,,,Mark-Anthony Middleton,0
WAKE,ABSEN,CITY OF DURHAM CITY COUNCIL WARD II,,,"Robert L. Curtis, Jr.",0
WAKE,ABSEN,CITY OF DURHAM CITY COUNCIL WARD II,,,Sylvester Williams,0
WAKE,OSBOE,CITY OF DURHAM MAYOR,,,Charlitta Burruss,0
WAKE,OSBOE,CITY OF DURHAM MAYOR,,,Daryl Quick,0
WAKE,OSBOE,CITY OF DURHAM MAYOR,,,Elaine O'Neal,2
WAKE,OSBOE,CITY OF DURHAM MAYOR,,,Jahnmaud Lane,0
WAKE,OSBOE,CITY OF DURHAM MAYOR,,,Javiera Caballero,0
WAKE,OSBOE,CITY OF DURHAM MAYOR,,,Rebecca Harvard Barnes,0
WAKE,OSBOE,CITY OF DURHAM MAYOR,,,Sabrina (Bree) Davis,0
WAKE,OSBOE,CITY OF DURHAM CITY COUNCIL WARD I,,,DeDreana Freeman,2
WAKE,OSBOE,CITY OF DURHAM CITY COUNCIL WARD I,,,Elizabeth Takla,0
WAKE,OSBOE,CITY OF DURHAM CITY COUNCIL WARD I,,,Marion T. Johnson,0
WAKE,OSBOE,CITY OF DURHAM CITY COUNCIL WARD I,,,Waldo Fenner,0
WAKE,OSBOE,CITY OF DURHAM CITY COUNCIL WARD II,,,Mark-Anthony Middleton,2
WAKE,OSBOE,CITY OF DURHAM CITY COUNCIL WARD II,,,"Robert L. Curtis, Jr.",0
WAKE,OSBOE,CITY OF DURHAM CITY COUNCIL WARD II,,,Sylvester Williams,0
WAKE,PROVI,CITY OF DURHAM MAYOR,,,Charlitta Burruss,0
WAKE,PROVI,CITY OF DURHAM MAYOR,,,Daryl Quick,0
WAKE,PROVI,CITY OF DURHAM MAYOR,,,Elaine O'Neal,0
WAKE,PROVI,CITY OF DURHAM MAYOR,,,Jahnmaud Lane,0
WAKE,PROVI,CITY OF DURHAM MAYOR,,,Javiera Caballero,0
WAKE,PROVI,CITY OF DURHAM MAYOR,,,Rebecca Harvard Barnes,0
WAKE,PROVI,CITY OF DURHAM MAYOR,,,Sabrina (Bree) Davis,0
WAKE,PROVI,CITY OF DURHAM CITY COUNCIL WARD I,,,DeDreana Freeman,0
WAKE,PROVI,CITY OF DURHAM CITY COUNCIL WARD I,,,Elizabeth Takla,0
WAKE,PROVI,CITY OF DURHAM CITY COUNCIL WARD I,,,Marion T. Johnson,0
WAKE,PROVI,CITY OF DURHAM CITY COUNCIL WARD I,,,Waldo Fenner,0
WAKE,PROVI,CITY OF DURHAM CITY COUNCIL WARD II,,,Mark-Anthony Middleton,0
WAKE,PROVI,CITY OF DURHAM CITY COUNCIL WARD II,,,"Robert L. Curtis, Jr.",0
WAKE,PROVI,CITY OF DURHAM CITY COUNCIL WARD II,,,Sylvester Williams,0
WAKE,TRANS,CITY OF DURHAM MAYOR,,,Charlitta Burruss,0
WAKE,TRANS,CITY OF DURHAM MAYOR,,,Daryl Quick,0
WAKE,TRANS,CITY OF DURHAM MAYOR,,,Elaine O'Neal,0
WAKE,TRANS,CITY OF DURHAM MAYOR,,,Jahnmaud Lane,0
WAKE,TRANS,CITY OF DURHAM MAYOR,,,Javiera Caballero,0
WAKE,TRANS,CITY OF DURHAM MAYOR,,,Rebecca Harvard Barnes,0
WAKE,TRANS,CITY OF DURHAM MAYOR,,,Sabrina (Bree) Davis,0
WAKE,TRANS,CITY OF DURHAM CITY COUNCIL WARD I,,,DeDreana Freeman,0
WAKE,TRANS,CITY OF DURHAM CITY COUNCIL WARD I,,,Elizabeth Takla,0
WAKE,TRANS,CITY OF DURHAM CITY COUNCIL WARD I,,,Marion T. Johnson,0
WAKE,TRANS,CITY OF DURHAM CITY COUNCIL WARD I,,,Waldo Fenner,0
WAKE,TRANS,CITY OF DURHAM CITY COUNCIL WARD II,,,Mark-Anthony Middleton,0
WAKE,TRANS,CITY OF DURHAM CITY COUNCIL WARD II,,,"Robert L. Curtis, Jr.",0
WAKE,TRANS,CITY OF DURHAM CITY COUNCIL WARD II,,,Sylvester Williams,0
